AssetID,AssetName,MeasurementPointID,MeasurementPointName,PhysicalQuantity,Unit of Measure,Prefix,AccessRights,DataType
1001,Switch123A,1,MotorCurrent,Current,Ampere,NoPrefix,Read,Float
1001,Switch123A,11,ControlSignalRight,NoQuantity,NoUoM,NoPrefix,Read,Boolean
1001,Switch123A,12,ControlSignalLeft,NoQuantity,NoUoM,NoPrefix,Write,Boolean
1001,Switch123A,13,StatusSignalRight,NoQuantity,NoUoM,NoPrefix,Both,Boolean
1001,Switch123A,14,StatusSignalLeft,NoQuantity,NoUoM,NoPrefix,Read,Boolean
1001,Switch123A,15,StatusSignalSection,NoQuantity,NoUoM,NoPrefix,Read,Boolean
1002,Switch123B,1,MotorCurrent,Current,Ampere,NoPrefix,Read,Float
1002,Switch123B,11,ControlSignalRight,NoQuantity,NoUoM,NoPrefix,Read,Boolean
1002,Switch123B,12,ControlSignalLeft,NoQuantity,NoUoM,NoPrefix,Read,Boolean
1002,Switch123B,13,StatusSignalRight,NoQuantity,NoUoM,NoPrefix,Read,Boolean
1002,Switch123B,14,StatusSignalLeft,NoQuantity,NoUoM,NoPrefix,Read,Boolean
1003,Switch145A,1,MotorCurrent,Current,Ampere,NoPrefix,Read,Float
1003,Switch145A,11,ControlSignalRight,NoQuantity,NoUoM,NoPrefix,Read,Boolean
1003,Switch145A,12,ControlSignalLeft,NoQuantity,NoUoM,NoPrefix,Read,Boolean
1003,Switch145A,13,StatusSignalRight,NoQuantity,NoUoM,NoPrefix,Read,Boolean
1003,Switch145A,14,StatusSignalLeft,NoQuantity,NoUoM,NoPrefix,Read,Boolean
1003,Switch145A,15,StatusSignalSection,NoQuantity,NoUoM,NoPrefix,Read,Boolean
1004,Switch145B,1,MotorCurrent,Current,Ampere,NoPrefix,Read,Float
1004,Switch145B,11,ControlSignalRight,NoQuantity,NoUoM,NoPrefix,Read,Boolean
1004,Switch145B,12,ControlSignalLeft,NoQuantity,NoUoM,NoPrefix,Read,Boolean
1004,Switch145B,13,StatusSignalRight,NoQuantity,NoUoM,NoPrefix,Read,Boolean
1004,Switch145B,14,StatusSignalLeft,NoQuantity,NoUoM,NoPrefix,Read,Boolean
1004,Switch145B,15,StatusSignalSection,NoQuantity,NoUoM,NoPrefix,Read,Boolean
1005,Switch113A,15,StatusSignalSection,NoQuantity,NoUoM,NoPrefix,Read,Boolean
1005,Switch113A,1,MotorCurrent,Current,Ampere,NoPrefix,Read,Float
1005,Switch113A,11,ControlSignalRight,NoQuantity,NoUoM,NoPrefix,Read,Boolean
1005,Switch113A,12,ControlSignalLeft,NoQuantity,NoUoM,NoPrefix,Read,Boolean
1005,Switch113A,13,StatusSignalRight,NoQuantity,NoUoM,NoPrefix,Read,Boolean
1005,Switch113A,14,StatusSignalLeft,NoQuantity,NoUoM,NoPrefix,Read,Boolean
1006,Switch113B,15,StatusSignalSection,NoQuantity,NoUoM,NoPrefix,Read,Boolean
1006,Switch113B,1,MotorCurrent,Current,Ampere,NoPrefix,Read,Float
1006,Switch113B,11,ControlSignalRight,NoQuantity,NoUoM,NoPrefix,Read,Boolean
1006,Switch113B,12,ControlSignalLeft,NoQuantity,NoUoM,NoPrefix,Read,Boolean
1007,Switch135A,13,StatusSignalRight,NoQuantity,NoUoM,NoPrefix,Read,Boolean
1007,Switch135A,14,StatusSignalLeft,NoQuantity,NoUoM,NoPrefix,Read,Boolean
1007,Switch135A,1,MotorCurrent,Current,Ampere,NoPrefix,Read,Float
1007,Switch135A,11,ControlSignalRight,NoQuantity,NoUoM,NoPrefix,Read,Boolean
1007,Switch135A,12,ControlSignalLeft,NoQuantity,NoUoM,NoPrefix,Read,Boolean
1007,Switch135A,13,StatusSignalRight,NoQuantity,NoUoM,NoPrefix,Read,Boolean
1007,Switch135A,14,StatusSignalLeft,NoQuantity,NoUoM,NoPrefix,Read,Boolean
1007,Switch135A,15,StatusSignalSection,NoQuantity,NoUoM,NoPrefix,Read,Boolean
1008,Switch135B,1,MotorCurrent,Current,Ampere,NoPrefix,Read,Float
1008,Switch135B,11,ControlSignalRight,NoQuantity,NoUoM,NoPrefix,Read,Boolean
1008,Switch135B,12,ControlSignalLeft,NoQuantity,NoUoM,NoPrefix,Read,Boolean
1008,Switch135B,13,StatusSignalRight,NoQuantity,NoUoM,NoPrefix,Read,Boolean
1009,Switch223A,14,StatusSignalLeft,NoQuantity,NoUoM,NoPrefix,Read,Boolean
1009,Switch223A,15,StatusSignalSection,NoQuantity,NoUoM,NoPrefix,Read,Boolean
1009,Switch223A,1,MotorCurrent,Current,Ampere,NoPrefix,Read,Float
1009,Switch223A,11,ControlSignalRight,NoQuantity,NoUoM,NoPrefix,Read,Boolean
1009,Switch223A,12,ControlSignalLeft,NoQuantity,NoUoM,NoPrefix,Read,Boolean
1009,Switch223A,13,StatusSignalRight,NoQuantity,NoUoM,NoPrefix,Read,Boolean
1010,Switch223B,14,StatusSignalLeft,NoQuantity,NoUoM,NoPrefix,Read,Boolean
1010,Switch223B,15,StatusSignalSection,NoQuantity,NoUoM,NoPrefix,Read,Boolean
1010,Switch223B,1,MotorCurrent,Current,Ampere,NoPrefix,Read,Float
1010,Switch223B,11,ControlSignalRight,NoQuantity,NoUoM,NoPrefix,Read,Boolean
1010,Switch223B,12,ControlSignalLeft,NoQuantity,NoUoM,NoPrefix,Read,Boolean
1011,Switch321A,13,StatusSignalRight,NoQuantity,NoUoM,NoPrefix,Read,Boolean
1011,Switch321A,14,StatusSignalLeft,NoQuantity,NoUoM,NoPrefix,Read,Boolean
1011,Switch321A,15,StatusSignalSection,NoQuantity,NoUoM,NoPrefix,Read,Boolean
1011,Switch321A,1,MotorCurrent,Current,Ampere,NoPrefix,Read,Float
1011,Switch321A,11,ControlSignalRight,NoQuantity,NoUoM,NoPrefix,Read,Boolean
1011,Switch321A,12,ControlSignalLeft,NoQuantity,NoUoM,NoPrefix,Read,Boolean
1012,Switch321B,12,ControlSignalLeft,NoQuantity,NoUoM,NoPrefix,Read,Boolean
1012,Switch321B,13,StatusSignalRight,NoQuantity,NoUoM,NoPrefix,Read,Boolean
1012,Switch321B,14,StatusSignalLeft,NoQuantity,NoUoM,NoPrefix,Read,Boolean
1012,Switch321B,15,StatusSignalSection,NoQuantity,NoUoM,NoPrefix,Read,Boolean
1012,Switch321B,1,MotorCurrent,Current,Ampere,NoPrefix,Read,Float
1012,Switch321B,11,ControlSignalRight,NoQuantity,NoUoM,NoPrefix,Read,Boolean
1013,Switch109A,12,ControlSignalLeft,NoQuantity,NoUoM,NoPrefix,Read,Boolean
1013,Switch109A,13,StatusSignalRight,NoQuantity,NoUoM,NoPrefix,Read,Boolean
1013,Switch109A,14,StatusSignalLeft,NoQuantity,NoUoM,NoPrefix,Read,Boolean
1013,Switch109A,15,StatusSignalSection,NoQuantity,NoUoM,NoPrefix,Read,Boolean
1013,Switch109A,1,MotorCurrent,Current,Ampere,NoPrefix,Read,Float
1013,Switch109A,11,ControlSignalRight,NoQuantity,NoUoM,NoPrefix,Read,Boolean
1014,Switch109B,12,ControlSignalLeft,NoQuantity,NoUoM,NoPrefix,Read,Boolean
1014,Switch109B,13,StatusSignalRight,NoQuantity,NoUoM,NoPrefix,Read,Boolean
1014,Switch109B,14,StatusSignalLeft,NoQuantity,NoUoM,NoPrefix,Read,Boolean
1014,Switch109B,15,StatusSignalSection,NoQuantity,NoUoM,NoPrefix,Read,Boolean
1014,Switch109B,1,MotorCurrent,Current,Ampere,NoPrefix,Read,Float
1015,Switch134A,11,ControlSignalLeft,NoQuantity,NoUoM,NoPrefix,Read,Boolean
1015,Switch134A,12,ControlSignalRight,NoQuantity,NoUoM,NoPrefix,Read,Boolean
1015,Switch134A,13,StatusSignalLeft,NoQuantity,NoUoM,NoPrefix,Read,Boolean
1015,Switch134A,14,StatusSignalRight,NoQuantity,NoUoM,NoPrefix,Read,Boolean
1015,Switch134A,1,MotorCurrent,Current,Ampere,NoPrefix,Read,Float
1015,Switch134A,11,ControlSignalLeft,NoQuantity,NoUoM,NoPrefix,Read,Boolean
1015,Switch134A,15,StatusSignalSection,NoQuantity,NoUoM,NoPrefix,Read,Boolean
1016,Switch134B,11,ControlSignalLeft,NoQuantity,NoUoM,NoPrefix,Read,Boolean
1016,Switch134B,12,ControlSignalRight,NoQuantity,NoUoM,NoPrefix,Read,Boolean
1016,Switch134B,13,StatusSignalLeft,NoQuantity,NoUoM,NoPrefix,Read,Boolean
1016,Switch134B,14,StatusSignalRight,NoQuantity,NoUoM,NoPrefix,Read,Boolean
1016,Switch134B,15,StatusSignalSection,NoQuantity,NoUoM,NoPrefix,Read,Boolean
1016,Switch134B,1,MotorCurrent,Current,Ampere,NoPrefix,Read,Float
1017,Switch120A,1,MotorCurrent,Current,Ampere,NoPrefix,Read,Float
1017,Switch120A,11,ControlSignalRight,NoQuantity,NoUoM,NoPrefix,Read,Boolean
1017,Switch120A,12,ControlSignalLeft,NoQuantity,NoUoM,NoPrefix,Read,Boolean
1017,Switch120A,13,StatusSignalRight,NoQuantity,NoUoM,NoPrefix,Read,Boolean
1017,Switch120A,14,StatusSignalLeft,NoQuantity,NoUoM,NoPrefix,Read,Boolean
1017,Switch120A,15,StatusSignalSection,NoQuantity,NoUoM,NoPrefix,Read,Boolean
1018,Switch120B,1,MotorCurrent,Current,Ampere,NoPrefix,Read,Float
1018,Switch120A,11,ControlSignalLeft,NoQuantity,NoUoM,NoPrefix,Read,Boolean
1018,Switch120B,12,ControlSignalRight,NoQuantity,NoUoM,NoPrefix,Read,Boolean
1018,Switch120B,13,StatusSignalLeft,NoQuantity,NoUoM,NoPrefix,Read,Boolean
1018,Switch120B,14,StatusSignalRight,NoQuantity,NoUoM,NoPrefix,Read,Boolean
1018,Switch120B,15,StatusSignalSection,NoQuantity,NoUoM,NoPrefix,Read,Boolean
1019,Switch140A,1,MotorCurrent,Current,Ampere,NoPrefix,Read,Float
1019,Switch140A,11,ControlSignalLeft,NoQuantity,NoUoM,NoPrefix,Read,Boolean
1019,Switch140A,12,ControlSignalRight,NoQuantity,NoUoM,NoPrefix,Read,Boolean
1019,Switch140A,13,StatusSignalLeft,NoQuantity,NoUoM,NoPrefix,Read,Boolean
1019,Switch140A,14,StatusSignalRight,NoQuantity,NoUoM,NoPrefix,Read,Boolean
1019,Switch140A,15,StatusSignalSection,NoQuantity,NoUoM,NoPrefix,Read,Boolean
1020,Switch140B,1,MotorCurrent,Current,Ampere,NoPrefix,Read,Float
1020,Switch140B,11,ControlSignalLeft,NoQuantity,NoUoM,NoPrefix,Read,Boolean
1020,Switch140B,12,ControlSignalRight,NoQuantity,NoUoM,NoPrefix,Read,Boolean
1020,Switch140B,13,StatusSignalLeft,NoQuantity,NoUoM,NoPrefix,Read,Boolean
1020,Switch140B,14,StatusSignalRight,NoQuantity,NoUoM,NoPrefix,Read,Boolean
1020,Switch140B,15,StatusSignalSection,NoQuantity,NoUoM,NoPrefix,Read,Boolean
1021,Switch148A,1,MotorCurrent,Current,Ampere,NoPrefix,Read,Float
1021,Switch148A,11,ControlSignalLeft,NoQuantity,NoUoM,NoPrefix,Read,Boolean
1021,Switch148A,12,ControlSignalRight,NoQuantity,NoUoM,NoPrefix,Read,Boolean
1021,Switch148A,13,StatusSignalLeft,NoQuantity,NoUoM,NoPrefix,Read,Boolean
1021,Switch148A,14,StatusSignalRight,NoQuantity,NoUoM,NoPrefix,Read,Boolean
1021,Switch148A,15,StatusSignalSection,NoQuantity,NoUoM,NoPrefix,Read,Boolean
1022,Switch148B,1,MotorCurrent,Current,Ampere,NoPrefix,Read,Float
1022,Switch148B,11,ControlSignalRight,NoQuantity,NoUoM,NoPrefix,Read,Boolean
1022,Switch148B,12,ControlSignalLeft,NoQuantity,NoUoM,NoPrefix,Read,Boolean
1022,Switch148B,13,StatusSignalRight,NoQuantity,NoUoM,NoPrefix,Read,Boolean
1022,Switch148B,14,StatusSignalLeft,NoQuantity,NoUoM,NoPrefix,Read,Boolean
1022,Switch148B,15,StatusSignalSection,NoQuantity,NoUoM,NoPrefix,Read,Boolean
1023,Switch143A,1,MotorCurrent,Current,Ampere,NoPrefix,Read,Float
1023,Switch143A,11,ControlSignalRight,NoQuantity,NoUoM,NoPrefix,Read,Boolean
1023,Switch143A,12,ControlSignalLeft,NoQuantity,NoUoM,NoPrefix,Read,Boolean
1023,Switch143A,13,StatusSignalRight,NoQuantity,NoUoM,NoPrefix,Read,Boolean
1023,Switch143A,14,StatusSignalLeft,NoQuantity,NoUoM,NoPrefix,Read,Boolean
1023,Switch143A,15,StatusSignalSection,NoQuantity,NoUoM,NoPrefix,Read,Boolean
1024,Switch143B,1,MotorCurrent,Current,Ampere,NoPrefix,Read,Float
1024,Switch143B,11,ControlSignalRight,NoQuantity,NoUoM,NoPrefix,Read,Boolean
1024,Switch143B,12,ControlSignalLeft,NoQuantity,NoUoM,NoPrefix,Read,Boolean
1024,Switch143B,13,StatusSignalRight,NoQuantity,NoUoM,NoPrefix,Read,Boolean
1024,Switch143B,14,StatusSignalLeft,NoQuantity,NoUoM,NoPrefix,Read,Boolean
1024,Switch143B,15,StatusSignalSection,NoQuantity,NoUoM,NoPrefix,Read,Boolean
1025,Switch133A,1,MotorCurrent,Current,Ampere,NoPrefix,Read,Float
1025,Switch133A,11,ControlSignalRight,NoQuantity,NoUoM,NoPrefix,Read,Boolean
1025,Switch133A,12,ControlSignalLeft,NoQuantity,NoUoM,NoPrefix,Read,Boolean
1025,Switch133A,13,StatusSignalRight,NoQuantity,NoUoM,NoPrefix,Read,Boolean
1025,Switch133A,14,StatusSignalLeft,NoQuantity,NoUoM,NoPrefix,Read,Boolean
1025,Switch133A,15,StatusSignalSection,NoQuantity,NoUoM,NoPrefix,Read,Boolean
1026,Switch133B,1,MotorCurrent,Current,Ampere,NoPrefix,Read,Float
1026,Switch133B,11,ControlSignalRight,NoQuantity,NoUoM,NoPrefix,Read,Boolean
1026,Switch133B,12,ControlSignalLeft,NoQuantity,NoUoM,NoPrefix,Read,Boolean
1026,Switch133B,13,StatusSignalRight,NoQuantity,NoUoM,NoPrefix,Read,Boolean
1026,Switch133B,14,StatusSignalLeft,NoQuantity,NoUoM,NoPrefix,Read,Boolean
1026,Switch133B,15,StatusSignalSection,NoQuantity,NoUoM,NoPrefix,Read,Boolean
1027,Switch131A,1,MotorCurrent,Current,Ampere,NoPrefix,Read,Float
1027,Switch131A,11,ControlSignalLeft,NoQuantity,NoUoM,NoPrefix,Read,Boolean
1027,Switch131A,12,ControlSignalRight,NoQuantity,NoUoM,NoPrefix,Read,Boolean
1027,Switch131A,13,StatusSignalLeft,NoQuantity,NoUoM,NoPrefix,Read,Boolean
1027,Switch131A,14,StatusSignalRight,NoQuantity,NoUoM,NoPrefix,Read,Boolean
1027,Switch131A,15,StatusSignalSection,NoQuantity,NoUoM,NoPrefix,Read,Boolean
1028,Switch131B,1,MotorCurrent,Current,Ampere,NoPrefix,Read,Float
1028,Switch131B,11,ControlSignalLeft,NoQuantity,NoUoM,NoPrefix,Read,Boolean
1028,Switch131B,12,ControlSignalRight,NoQuantity,NoUoM,NoPrefix,Read,Boolean
1028,Switch131B,13,StatusSignalLeft,NoQuantity,NoUoM,NoPrefix,Read,Boolean
1028,Switch131B,14,StatusSignalRight,NoQuantity,NoUoM,NoPrefix,Read,Boolean
1028,Switch131B,15,StatusSignalSection,NoQuantity,NoUoM,NoPrefix,Read,Boolean
1029,Switch121A,1,MotorCurrent,Current,Ampere,NoPrefix,Read,Float
1029,Switch121A,11,ControlSignalRight,NoQuantity,NoUoM,NoPrefix,Read,Boolean
1029,Switch121A,12,ControlSignalLeft,NoQuantity,NoUoM,NoPrefix,Read,Boolean
1029,Switch121A,13,StatusSignalRight,NoQuantity,NoUoM,NoPrefix,Read,Boolean
1029,Switch121A,14,StatusSignalLeft,NoQuantity,NoUoM,NoPrefix,Read,Boolean
1029,Switch121A,15,StatusSignalSection,NoQuantity,NoUoM,NoPrefix,Read,Boolean
1030,Switch121B,1,MotorCurrent,Current,Ampere,NoPrefix,Read,Float
1030,Switch121B,11,ControlSignalRight,NoQuantity,NoUoM,NoPrefix,Read,Boolean
1030,Switch121B,12,ControlSignalLeft,NoQuantity,NoUoM,NoPrefix,Read,Boolean
1030,Switch121B,13,StatusSignalRight,NoQuantity,NoUoM,NoPrefix,Read,Boolean
1030,Switch121B,14,StatusSignalLeft,NoQuantity,NoUoM,NoPrefix,Read,Boolean
1030,Switch121B,15,StatusSignalSection,NoQuantity,NoUoM,NoPrefix,Read,Boolean
1031,Switch102A,1,MotorCurrent,Current,Ampere,NoPrefix,Read,Float
1031,Switch102A,11,ControlSignalLeft,NoQuantity,NoUoM,NoPrefix,Read,Boolean
1031,Switch102A,12,ControlSignalRight,NoQuantity,NoUoM,NoPrefix,Read,Boolean
1031,Switch102A,13,StatusSignalLeft,NoQuantity,NoUoM,NoPrefix,Read,Boolean
1031,Switch102A,14,StatusSignalRight,NoQuantity,NoUoM,NoPrefix,Read,Boolean
1031,Switch102A,15,StatusSignalSection,NoQuantity,NoUoM,NoPrefix,Read,Boolean
1032,Switch102B,1,MotorCurrent,Current,Ampere,NoPrefix,Read,Float
1032,Switch102B,11,ControlSignalLeft,NoQuantity,NoUoM,NoPrefix,Read,Boolean
1032,Switch102B,12,ControlSignalRight,NoQuantity,NoUoM,NoPrefix,Read,Boolean
1032,Switch102B,13,StatusSignalLeft,NoQuantity,NoUoM,NoPrefix,Read,Boolean
1032,Switch102B,14,StatusSignalRight,NoQuantity,NoUoM,NoPrefix,Read,Boolean
1032,Switch102B,15,StatusSignalSection,NoQuantity,NoUoM,NoPrefix,Read,Boolean
1033,Switch128A,1,MotorCurrent,Current,Ampere,NoPrefix,Read,Float
1033,Switch128A,11,ControlSignalLeft,NoQuantity,NoUoM,NoPrefix,Read,Boolean
1033,Switch128A,12,ControlSignalRight,NoQuantity,NoUoM,NoPrefix,Read,Boolean
1033,Switch128A,13,StatusSignalLeft,NoQuantity,NoUoM,NoPrefix,Read,Boolean
1033,Switch128A,14,StatusSignalRight,NoQuantity,NoUoM,NoPrefix,Read,Boolean
1033,Switch128A,15,StatusSignalSection,NoQuantity,NoUoM,NoPrefix,Read,Boolean
1034,Switch128B,1,MotorCurrent,Current,Ampere,NoPrefix,Read,Float
1034,Switch128B,11,ControlSignalLeft,NoQuantity,NoUoM,NoPrefix,Read,Boolean
1034,Switch128B,12,ControlSignalRight,NoQuantity,NoUoM,NoPrefix,Read,Boolean
1034,Switch128B,13,StatusSignalLeft,NoQuantity,NoUoM,NoPrefix,Read,Boolean
1034,Switch128B,14,StatusSignalRight,NoQuantity,NoUoM,NoPrefix,Read,Boolean
1034,Switch128B,15,StatusSignalSection,NoQuantity,NoUoM,NoPrefix,Read,Boolean
1035,Switch116A,1,MotorCurrent,Current,Ampere,NoPrefix,Read,Float
1035,Switch116A,11,ControlSignalLeft,NoQuantity,NoUoM,NoPrefix,Read,Boolean
1035,Switch116A,12,ControlSignalRight,NoQuantity,NoUoM,NoPrefix,Read,Boolean
1035,Switch116A,13,StatusSignalLeft,NoQuantity,NoUoM,NoPrefix,Read,Boolean
1035,Switch116A,14,StatusSignalRight,NoQuantity,NoUoM,NoPrefix,Read,Boolean
1035,Switch116A,15,StatusSignalSection,NoQuantity,NoUoM,NoPrefix,Read,Boolean
1036,Switch116B,1,MotorCurrent,Current,Ampere,NoPrefix,Read,Float
1036,Switch116B,11,ControlSignalLeft,NoQuantity,NoUoM,NoPrefix,Read,Boolean
1036,Switch116B,12,ControlSignalRight,NoQuantity,NoUoM,NoPrefix,Read,Boolean
1036,Switch116B,13,StatusSignalLeft,NoQuantity,NoUoM,NoPrefix,Read,Boolean
1036,Switch116B,14,StatusSignalRight,NoQuantity,NoUoM,NoPrefix,Read,Boolean
1036,Switch116B,15,StatusSignalSection,NoQuantity,NoUoM,NoPrefix,Read,Boolean
1037,Switch115A,1,MotorCurrent,Current,Ampere,NoPrefix,Read,Float
1037,Switch115A,11,ControlSignalLeft,NoQuantity,NoUoM,NoPrefix,Read,Boolean
1037,Switch115A,12,ControlSignalRight,NoQuantity,NoUoM,NoPrefix,Read,Boolean
1037,Switch115A,13,StatusSignalLeft,NoQuantity,NoUoM,NoPrefix,Read,Boolean
1037,Switch115A,14,StatusSignalRight,NoQuantity,NoUoM,NoPrefix,Read,Boolean
1037,Switch115A,15,StatusSignalSection,NoQuantity,NoUoM,NoPrefix,Read,Boolean
1038,Switch115B,1,MotorCurrent,Current,Ampere,NoPrefix,Read,Float
1038,Switch115B,11,ControlSignalLeft,NoQuantity,NoUoM,NoPrefix,Read,Boolean
1038,Switch115B,12,ControlSignalRight,NoQuantity,NoUoM,NoPrefix,Read,Boolean
1038,Switch115B,13,StatusSignalLeft,NoQuantity,NoUoM,NoPrefix,Read,Boolean
1038,Switch115B,14,StatusSignalRight,NoQuantity,NoUoM,NoPrefix,Read,Boolean
1038,Switch115B,15,StatusSignalSection,NoQuantity,NoUoM,NoPrefix,Read,Boolean
1039,Switch114A,1,MotorCurrent,Current,Ampere,NoPrefix,Read,Float
1039,Switch114A,11,ControlSignalLeft,NoQuantity,NoUoM,NoPrefix,Read,Boolean
1039,Switch114A,12,ControlSignalRight,NoQuantity,NoUoM,NoPrefix,Read,Boolean
1039,Switch114A,13,StatusSignalLeft,NoQuantity,NoUoM,NoPrefix,Read,Boolean
1039,Switch114A,14,StatusSignalRight,NoQuantity,NoUoM,NoPrefix,Read,Boolean
1039,Switch114A,15,StatusSignalSection,NoQuantity,NoUoM,NoPrefix,Read,Boolean
1040,Switch114B,1,MotorCurrent,Current,Ampere,NoPrefix,Read,Float
1040,Switch114B,11,ControlSignalLeft,NoQuantity,NoUoM,NoPrefix,Read,Boolean
1040,Switch114B,12,ControlSignalRight,NoQuantity,NoUoM,NoPrefix,Read,Boolean
1040,Switch114B,13,StatusSignalLeft,NoQuantity,NoUoM,NoPrefix,Read,Boolean
1040,Switch114B,14,StatusSignalRight,NoQuantity,NoUoM,NoPrefix,Read,Boolean
1040,Switch114B,15,StatusSignalSection,NoQuantity,NoUoM,NoPrefix,Read,Boolean
1041,Switch1104A,1,MotorCurrent,Current,Ampere,NoPrefix,Read,Float
1041,Switch1104A,11,ControlSignalRight,NoQuantity,NoUoM,NoPrefix,Read,Boolean
1041,Switch1104A,12,ControlSignalLeft,NoQuantity,NoUoM,NoPrefix,Read,Boolean
1041,Switch1104A,13,StatusSignalRight,NoQuantity,NoUoM,NoPrefix,Read,Boolean
1041,Switch1104A,14,StatusSignalLeft,NoQuantity,NoUoM,NoPrefix,Read,Boolean
1041,Switch1104A,15,StatusSignalSection,NoQuantity,NoUoM,NoPrefix,Read,Boolean
1042,Switch1104B,1,MotorCurrent,Current,Ampere,NoPrefix,Read,Float
1042,Switch1104B,11,ControlSignalLeft,NoQuantity,NoUoM,NoPrefix,Read,Boolean
1042,Switch1104B,12,ControlSignalRight,NoQuantity,NoUoM,NoPrefix,Read,Boolean
1042,Switch1104B,13,StatusSignalLeft,NoQuantity,NoUoM,NoPrefix,Read,Boolean
1042,Switch1104B,14,StatusSignalRight,NoQuantity,NoUoM,NoPrefix,Read,Boolean
1042,Switch1104B,15,StatusSignalSection,NoQuantity,NoUoM,NoPrefix,Read,Boolean
1043,Switch303A,1,MotorCurrent,Current,Ampere,NoPrefix,Read,Float
1043,Switch303A,11,ControlSignalLeft,NoQuantity,NoUoM,NoPrefix,Read,Boolean
1043,Switch303A,12,ControlSignalRight,NoQuantity,NoUoM,NoPrefix,Read,Boolean
1043,Switch303A,13,StatusSignalLeft,NoQuantity,NoUoM,NoPrefix,Read,Boolean
1043,Switch303A,14,StatusSignalRight,NoQuantity,NoUoM,NoPrefix,Read,Boolean
1043,Switch303A,15,StatusSignalSection,NoQuantity,NoUoM,NoPrefix,Read,Boolean
1044,Switch303B,1,MotorCurrent,Current,Ampere,NoPrefix,Read,Float
1044,Switch303B,11,ControlSignalLeft,NoQuantity,NoUoM,NoPrefix,Read,Boolean
1044,Switch303B,12,ControlSignalRight,NoQuantity,NoUoM,NoPrefix,Read,Boolean
1044,Switch303B,13,StatusSignalLeft,NoQuantity,NoUoM,NoPrefix,Read,Boolean
1044,Switch303B,14,StatusSignalRight,NoQuantity,NoUoM,NoPrefix,Read,Boolean
1044,Switch303B,15,StatusSignalSection,NoQuantity,NoUoM,NoPrefix,Read,Boolean
1045,Switch110A,15,StatusSignalSection,NoQuantity,NoUoM,NoPrefix,Read,Boolean
1045,Switch110A,1,MotorCurrent,Current,Ampere,NoPrefix,Read,Float
1045,Switch110A,11,ControlSignalLeft,NoQuantity,NoUoM,NoPrefix,Read,Boolean
1045,Switch110A,12,ControlSignalRight,NoQuantity,NoUoM,NoPrefix,Read,Boolean
1045,Switch110A,13,StatusSignalLeft,NoQuantity,NoUoM,NoPrefix,Read,Boolean
1045,Switch110A,14,StatusSignalRight,NoQuantity,NoUoM,NoPrefix,Read,Boolean
1046,Switch110B,1,MotorCurrent,Current,Ampere,NoPrefix,Read,Float
1046,Switch110B,11,ControlSignalRight,NoQuantity,NoUoM,NoPrefix,Read,Boolean
1046,Switch110B,12,ControlSignalLeft,NoQuantity,NoUoM,NoPrefix,Read,Boolean
1046,Switch110B,13,StatusSignalRight,NoQuantity,NoUoM,NoPrefix,Read,Boolean
1046,Switch110B,14,StatusSignalLeft,NoQuantity,NoUoM,NoPrefix,Read,Boolean
1046,Switch110B,15,StatusSignalSection,NoQuantity,NoUoM,NoPrefix,Read,Boolean
1047,Switch131A,1,MotorCurrent,Current,Ampere,NoPrefix,Read,Float
1047,Switch131A,11,ControlSignalLeft,NoQuantity,NoUoM,NoPrefix,Read,Boolean
1047,Switch131A,12,ControlSignalRight,NoQuantity,NoUoM,NoPrefix,Read,Boolean
1047,Switch131A,13,StatusSignalLeft,NoQuantity,NoUoM,NoPrefix,Read,Boolean
1047,Switch131A,14,StatusSignalRight,NoQuantity,NoUoM,NoPrefix,Read,Boolean
1047,Switch131A,15,StatusSignalSection,NoQuantity,NoUoM,NoPrefix,Read,Boolean
1048,Switch131B,1,MotorCurrent,Current,Ampere,NoPrefix,Read,Float
1048,Switch131B,11,ControlSignalLeft,NoQuantity,NoUoM,NoPrefix,Read,Boolean
1048,Switch131B,12,ControlSignalRight,NoQuantity,NoUoM,NoPrefix,Read,Boolean
1048,Switch131B,13,StatusSignalLeft,NoQuantity,NoUoM,NoPrefix,Read,Boolean
1048,Switch131B,14,StatusSignalRight,NoQuantity,NoUoM,NoPrefix,Read,Boolean
1048,Switch131B,15,StatusSignalSection,NoQuantity,NoUoM,NoPrefix,Read,Boolean
1049,Switch132A,1,MotorCurrent,Current,Ampere,NoPrefix,Read,Float
1049,Switch132A,11,ControlSignalLeft,NoQuantity,NoUoM,NoPrefix,Read,Boolean
1049,Switch132A,12,ControlSignalRight,NoQuantity,NoUoM,NoPrefix,Read,Boolean
1049,Switch132A,13,StatusSignalLeft,NoQuantity,NoUoM,NoPrefix,Read,Boolean
1049,Switch132A,14,StatusSignalRight,NoQuantity,NoUoM,NoPrefix,Read,Boolean
1049,Switch132A,15,StatusSignalSection,NoQuantity,NoUoM,NoPrefix,Read,Boolean
1050,Switch132B,15,StatusSignalSection,NoQuantity,NoUoM,NoPrefix,Read,Boolean
1050,Switch132B,1,MotorCurrent,Current,Ampere,NoPrefix,Read,Float
1050,Switch132B,11,ControlSignalLeft,NoQuantity,NoUoM,NoPrefix,Read,Boolean
1050,Switch132B,12,ControlSignalRight,NoQuantity,NoUoM,NoPrefix,Read,Boolean
1050,Switch132B,13,StatusSignalLeft,NoQuantity,NoUoM,NoPrefix,Read,Boolean
1050,Switch132B,14,StatusSignalRight,NoQuantity,NoUoM,NoPrefix,Read,Boolean
1051,Switch141A,1,MotorCurrent,Current,Ampere,NoPrefix,Read,Float
1051,Switch141A,11,ControlSignalRight,NoQuantity,NoUoM,NoPrefix,Read,Boolean
1051,Switch141A,12,ControlSignalLeft,NoQuantity,NoUoM,NoPrefix,Read,Boolean
1051,Switch141A,13,StatusSignalRight,NoQuantity,NoUoM,NoPrefix,Read,Boolean
1051,Switch141A,14,StatusSignalLeft,NoQuantity,NoUoM,NoPrefix,Read,Boolean
1051,Switch141A,15,StatusSignalSection,NoQuantity,NoUoM,NoPrefix,Read,Boolean
1052,Switch141B,1,MotorCurrent,Current,Ampere,NoPrefix,Read,Float
1052,Switch141B,11,ControlSignalRight,NoQuantity,NoUoM,NoPrefix,Read,Boolean
1052,Switch141B,12,ControlSignalLeft,NoQuantity,NoUoM,NoPrefix,Read,Boolean
1052,Switch141B,13,StatusSignalRight,NoQuantity,NoUoM,NoPrefix,Read,Boolean
1052,Switch141B,14,StatusSignalLeft,NoQuantity,NoUoM,NoPrefix,Read,Boolean
1052,Switch141B,15,StatusSignalSection,NoQuantity,NoUoM,NoPrefix,Read,Boolean
1053,Switch142A,1,MotorCurrent,Current,Ampere,NoPrefix,Read,Float
1053,Switch142A,11,ControlSignalLeft,NoQuantity,NoUoM,NoPrefix,Read,Boolean
1053,Switch142A,12,ControlSignalRight,NoQuantity,NoUoM,NoPrefix,Read,Boolean
1053,Switch142A,13,StatusSignalLeft,NoQuantity,NoUoM,NoPrefix,Read,Boolean
1053,Switch142A,14,StatusSignalRight,NoQuantity,NoUoM,NoPrefix,Read,Boolean
1053,Switch142A,15,StatusSignalSection,NoQuantity,NoUoM,NoPrefix,Read,Boolean
1054,Switch142B,1,MotorCurrent,Current,Ampere,NoPrefix,Read,Float
1054,Switch142B,11,ControlSignalRight,NoQuantity,NoUoM,NoPrefix,Read,Boolean
1054,Switch142B,12,ControlSignalLeft,NoQuantity,NoUoM,NoPrefix,Read,Boolean
1054,Switch142B,13,StatusSignalRight,NoQuantity,NoUoM,NoPrefix,Read,Boolean
1054,Switch142B,14,StatusSignalLeft,NoQuantity,NoUoM,NoPrefix,Read,Boolean
1054,Switch142B,15,StatusSignalSection,NoQuantity,NoUoM,NoPrefix,Read,Boolean
1055,Switch143A,1,MotorCurrent,Current,Ampere,NoPrefix,Read,Float
1055,Switch143A,11,ControlSignalRight,NoQuantity,NoUoM,NoPrefix,Read,Boolean
1055,Switch143A,12,ControlSignalLeft,NoQuantity,NoUoM,NoPrefix,Read,Boolean
1055,Switch143A,13,StatusSignalRight,NoQuantity,NoUoM,NoPrefix,Read,Boolean
1055,Switch143A,14,StatusSignalLeft,NoQuantity,NoUoM,NoPrefix,Read,Boolean
1055,Switch143A,15,StatusSignalSection,NoQuantity,NoUoM,NoPrefix,Read,Boolean
1056,Switch143B,1,MotorCurrent,Current,Ampere,NoPrefix,Read,Float
1056,Switch143B,11,ControlSignalLeft,NoQuantity,NoUoM,NoPrefix,Read,Boolean
1056,Switch143B,12,ControlSignalRight,NoQuantity,NoUoM,NoPrefix,Read,Boolean
1056,Switch143B,13,StatusSignalLeft,NoQuantity,NoUoM,NoPrefix,Read,Boolean
1056,Switch143B,14,StatusSignalRight,NoQuantity,NoUoM,NoPrefix,Read,Boolean
1056,Switch143B,15,StatusSignalSection,NoQuantity,NoUoM,NoPrefix,Read,Boolean
1057,Switch144A,1,MotorCurrent,Current,Ampere,NoPrefix,Read,Float
1057,Switch144A,11,ControlSignalLeft,NoQuantity,NoUoM,NoPrefix,Read,Boolean
1057,Switch144A,12,ControlSignalRight,NoQuantity,NoUoM,NoPrefix,Read,Boolean
1057,Switch144A,13,StatusSignalLeft,NoQuantity,NoUoM,NoPrefix,Read,Boolean
1057,Switch144A,14,StatusSignalRight,NoQuantity,NoUoM,NoPrefix,Read,Boolean
1057,Switch144A,15,StatusSignalSection,NoQuantity,NoUoM,NoPrefix,Read,Boolean
1058,Switch144B,1,MotorCurrent,Current,Ampere,NoPrefix,Read,Float
1058,Switch144B,11,ControlSignalLeft,NoQuantity,NoUoM,NoPrefix,Read,Boolean
1058,Switch144B,12,ControlSignalRight,NoQuantity,NoUoM,NoPrefix,Read,Boolean
1058,Switch144B,13,StatusSignalLeft,NoQuantity,NoUoM,NoPrefix,Read,Boolean
1058,Switch144B,14,StatusSignalRight,NoQuantity,NoUoM,NoPrefix,Read,Boolean
1058,Switch144B,15,StatusSignalSection,NoQuantity,NoUoM,NoPrefix,Read,Boolean
1059,Switch1445A,1,MotorCurrent,Current,Ampere,NoPrefix,Read,Float
1059,Switch1445A,11,ControlSignalLeft,NoQuantity,NoUoM,NoPrefix,Read,Boolean
1059,Switch1445A,12,ControlSignalRight,NoQuantity,NoUoM,NoPrefix,Read,Boolean
1059,Switch1445A,13,StatusSignalLeft,NoQuantity,NoUoM,NoPrefix,Read,Boolean
1059,Switch1445A,14,StatusSignalRight,NoQuantity,NoUoM,NoPrefix,Read,Boolean
1059,Switch1445A,15,StatusSignalSection,NoQuantity,NoUoM,NoPrefix,Read,Boolean
1060,Switch1445B,1,MotorCurrent,Current,Ampere,NoPrefix,Read,Float
1060,Switch1445B,11,ControlSignalRight,NoQuantity,NoUoM,NoPrefix,Read,Boolean
1060,Switch1445B,12,ControlSignalLeft,NoQuantity,NoUoM,NoPrefix,Read,Boolean
1060,Switch1445B,13,StatusSignalRight,NoQuantity,NoUoM,NoPrefix,Read,Boolean
1060,Switch1445B,14,StatusSignalLeft,NoQuantity,NoUoM,NoPrefix,Read,Boolean
1060,Switch1445B,15,StatusSignalSection,NoQuantity,NoUoM,NoPrefix,Read,Boolean
1061,Switch146A,1,MotorCurrent,Current,Ampere,NoPrefix,Read,Float
1061,Switch146A,11,ControlSignalRight,NoQuantity,NoUoM,NoPrefix,Read,Boolean
1061,Switch146A,12,ControlSignalLeft,NoQuantity,NoUoM,NoPrefix,Read,Boolean
1061,Switch146A,13,StatusSignalRight,NoQuantity,NoUoM,NoPrefix,Read,Boolean
1061,Switch146A,14,StatusSignalLeft,NoQuantity,NoUoM,NoPrefix,Read,Boolean
1061,Switch146A,15,StatusSignalSection,NoQuantity,NoUoM,NoPrefix,Read,Boolean
1062,Switch146B,1,MotorCurrent,Current,Ampere,NoPrefix,Read,Float
1062,Switch146B,11,ControlSignalLeft,NoQuantity,NoUoM,NoPrefix,Read,Boolean
1062,Switch146B,12,ControlSignalRight,NoQuantity,NoUoM,NoPrefix,Read,Boolean
1062,Switch146B,13,StatusSignalLeft,NoQuantity,NoUoM,NoPrefix,Read,Boolean
1062,Switch146B,14,StatusSignalRight,NoQuantity,NoUoM,NoPrefix,Read,Boolean
1062,Switch146B,15,StatusSignalSection,NoQuantity,NoUoM,NoPrefix,Read,Boolean
1063,Switch147A,1,MotorCurrent,Current,Ampere,NoPrefix,Read,Float
1063,Switch147A,11,ControlSignalLeft,NoQuantity,NoUoM,NoPrefix,Read,Boolean
1063,Switch147A,12,ControlSignalRight,NoQuantity,NoUoM,NoPrefix,Read,Boolean
1063,Switch147A,13,StatusSignalLeft,NoQuantity,NoUoM,NoPrefix,Read,Boolean
1063,Switch147A,14,StatusSignalRight,NoQuantity,NoUoM,NoPrefix,Read,Boolean
1063,Switch147A,15,StatusSignalSection,NoQuantity,NoUoM,NoPrefix,Read,Boolean
1064,Switch147B,1,MotorCurrent,Current,Ampere,NoPrefix,Read,Float
1064,Switch147B,11,ControlSignalRight,NoQuantity,NoUoM,NoPrefix,Read,Boolean
1064,Switch147B,12,ControlSignalLeft,NoQuantity,NoUoM,NoPrefix,Read,Boolean
1064,Switch147B,13,StatusSignalRight,NoQuantity,NoUoM,NoPrefix,Read,Boolean
1064,Switch147B,14,StatusSignalLeft,NoQuantity,NoUoM,NoPrefix,Read,Boolean
1064,Switch147B,15,StatusSignalSection,NoQuantity,NoUoM,NoPrefix,Read,Boolean
