AssetID,AssetName,MeasurementPointID,MeasurementPointName,PhysicalQuantity,Unit of Measure,Prefix,AccesRights
100,NVD CPU.PLC-MMI.W30EDB360,1,analog_escalatietijd,NoQuantity,NoUoM,NoPrefix,Both
100,NVD CPU.PLC-MMI.W30EDB360,2,param_escalatietijd,NoQuantity,NoUoM,NoPrefix,Read
100,NVD CPU.PLC-MMI.W30EDB360,3,stat_geenactie,NoQuantity,NoUoM,NoPrefix,Write
100,NVD CPU.PLC-MMI.W30EDB360,4,stat_inbewaking,NoQuantity,NoUoM,NoPrefix,Read
100,NVD CPU.PLC-MMI.W30EDB360,5,stat_inbewaking36u,NoQuantity,NoUoM,NoPrefix,Read
100,NVD CPU.PLC-MMI.W30EDB360,6,stat_sluitentbuis,NoQuantity,NoUoM,NoPrefix,Read
100,NVD CPU.PLC-MMI.W30EDB360,7,stat_tijdmin,NoQuantity,NoUoM,NoPrefix,Read
100,NVD CPU.PLC-MMI.W30EDB360,8,stat_tijdsec,NoQuantity,NoUoM,NoPrefix,Read
100,NVD CPU.PLC-MMI.W30EDB360,9,stat_tijduur,NoQuantity,NoUoM,NoPrefix,Read
101,NVD CPU.PLC-MMI.W30EDB370,1,analog_escalatietijd,NoQuantity,NoUoM,NoPrefix,Read
101,NVD CPU.PLC-MMI.W30EDB370,2,param_escalatietijd,NoQuantity,NoUoM,NoPrefix,Read
101,NVD CPU.PLC-MMI.W30EDB370,3,stat_geenactie,NoQuantity,NoUoM,NoPrefix,Read
101,NVD CPU.PLC-MMI.W30EDB370,4,stat_inbewaking,NoQuantity,NoUoM,NoPrefix,Read
101,NVD CPU.PLC-MMI.W30EDB370,5,stat_inbewaking36u,NoQuantity,NoUoM,NoPrefix,Read
101,NVD CPU.PLC-MMI.W30EDB370,6,stat_sluitentbuis,NoQuantity,NoUoM,NoPrefix,Read
101,NVD CPU.PLC-MMI.W30EDB370,7,stat_tijdmin,NoQuantity,NoUoM,NoPrefix,Read
101,NVD CPU.PLC-MMI.W30EDB370,8,stat_tijdsec,NoQuantity,NoUoM,NoPrefix,Read
101,NVD CPU.PLC-MMI.W30EDB370,9,stat_tijduur,NoQuantity,NoUoM,NoPrefix,Read
102,NVD CPU.PLC-MMI.W30JLA300,1,analog_aantvennb,NoQuantity,NoUoM,NoPrefix,Read
102,NVD CPU.PLC-MMI.W30JLA300,2,analog_staffelin,NoQuantity,NoUoM,NoPrefix,Read
102,NVD CPU.PLC-MMI.W30JLA300,3,analog_staffeluit,NoQuantity,NoUoM,NoPrefix,Read
102,NVD CPU.PLC-MMI.W30JLA300,4,analog_venhoog,NoQuantity,NoUoM,NoPrefix,Read
102,NVD CPU.PLC-MMI.W30JLA300,5,analog_venlaag,NoQuantity,NoUoM,NoPrefix,Read
102,NVD CPU.PLC-MMI.W30JLA300,6,analog_venmax,NoQuantity,NoUoM,NoPrefix,Read
102,NVD CPU.PLC-MMI.W30JLA300,7,bedien_auto,NoQuantity,NoUoM,NoPrefix,Read
102,NVD CPU.PLC-MMI.W30JLA300,8,bedien_hand,NoQuantity,NoUoM,NoPrefix,Read
102,NVD CPU.PLC-MMI.W30JLA300,9,bedien_hoog,NoQuantity,NoUoM,NoPrefix,Read
102,NVD CPU.PLC-MMI.W30JLA300,10,bedien_laag,NoQuantity,NoUoM,NoPrefix,Read
102,NVD CPU.PLC-MMI.W30JLA300,11,bedien_links,NoQuantity,NoUoM,NoPrefix,Read
102,NVD CPU.PLC-MMI.W30JLA300,12,bedien_maximaal,NoQuantity,NoUoM,NoPrefix,Read
102,NVD CPU.PLC-MMI.W30JLA300,13,bedien_rechts,NoQuantity,NoUoM,NoPrefix,Read
102,NVD CPU.PLC-MMI.W30JLA300,14,bedien_test,NoQuantity,NoUoM,NoPrefix,Read
102,NVD CPU.PLC-MMI.W30JLA300,15,bedien_uit,NoQuantity,NoUoM,NoPrefix,Read
102,NVD CPU.PLC-MMI.W30JLA300,16,param_aantvennb,NoQuantity,NoUoM,NoPrefix,Read
102,NVD CPU.PLC-MMI.W30JLA300,17,param_staffelin,NoQuantity,NoUoM,NoPrefix,Read
102,NVD CPU.PLC-MMI.W30JLA300,18,param_staffeluit,NoQuantity,NoUoM,NoPrefix,Read
102,NVD CPU.PLC-MMI.W30JLA300,19,param_venhoog,NoQuantity,NoUoM,NoPrefix,Read
102,NVD CPU.PLC-MMI.W30JLA300,20,param_venlaag,NoQuantity,NoUoM,NoPrefix,Read
102,NVD CPU.PLC-MMI.W30JLA300,21,param_venmax,NoQuantity,NoUoM,NoPrefix,Read
102,NVD CPU.PLC-MMI.W30JLA300,22,stat_autobedrijf,NoQuantity,NoUoM,NoPrefix,Read
102,NVD CPU.PLC-MMI.W30JLA300,23,stat_bbeschikbaar,NoQuantity,NoUoM,NoPrefix,Read
102,NVD CPU.PLC-MMI.W30JLA300,24,stat_beschikbaar,NoQuantity,NoUoM,NoPrefix,Read
102,NVD CPU.PLC-MMI.W30JLA300,25,stat_handbedrijf,NoQuantity,NoUoM,NoPrefix,Read
102,NVD CPU.PLC-MMI.W30JLA300,26,stat_inhoog,NoQuantity,NoUoM,NoPrefix,Read
102,NVD CPU.PLC-MMI.W30JLA300,27,stat_inlaag,NoQuantity,NoUoM,NoPrefix,Read
102,NVD CPU.PLC-MMI.W30JLA300,28,stat_inlinks,NoQuantity,NoUoM,NoPrefix,Read
102,NVD CPU.PLC-MMI.W30JLA300,29,stat_inmax,NoQuantity,NoUoM,NoPrefix,Read
102,NVD CPU.PLC-MMI.W30JLA300,30,stat_inrechts,NoQuantity,NoUoM,NoPrefix,Read
102,NVD CPU.PLC-MMI.W30JLA300,31,stat_nbeschikbaar,NoQuantity,NoUoM,NoPrefix,Read
102,NVD CPU.PLC-MMI.W30JLA300,32,stat_onvoldbeschik,NoQuantity,NoUoM,NoPrefix,Read
102,NVD CPU.PLC-MMI.W30JLA300,33,stat_testactief,NoQuantity,NoUoM,NoPrefix,Read
102,NVD CPU.PLC-MMI.W30JLA300,34,stat_uit,NoQuantity,NoUoM,NoPrefix,Read
103,NVD CPU.PLC-MMI.W30JLA301,1,analog_aantvennb,NoQuantity,NoUoM,NoPrefix,Read
103,NVD CPU.PLC-MMI.W30JLA301,2,analog_staffelin,NoQuantity,NoUoM,NoPrefix,Read
103,NVD CPU.PLC-MMI.W30JLA301,3,analog_staffeluit,NoQuantity,NoUoM,NoPrefix,Read
103,NVD CPU.PLC-MMI.W30JLA301,4,analog_venhoog,NoQuantity,NoUoM,NoPrefix,Read
103,NVD CPU.PLC-MMI.W30JLA301,5,analog_venlaag,NoQuantity,NoUoM,NoPrefix,Read
103,NVD CPU.PLC-MMI.W30JLA301,6,analog_venmax,NoQuantity,NoUoM,NoPrefix,Read
103,NVD CPU.PLC-MMI.W30JLA301,7,bedien_auto,NoQuantity,NoUoM,NoPrefix,Read
103,NVD CPU.PLC-MMI.W30JLA301,8,bedien_hand,NoQuantity,NoUoM,NoPrefix,Read
103,NVD CPU.PLC-MMI.W30JLA301,9,bedien_hoog,NoQuantity,NoUoM,NoPrefix,Read
103,NVD CPU.PLC-MMI.W30JLA301,10,bedien_laag,NoQuantity,NoUoM,NoPrefix,Read
103,NVD CPU.PLC-MMI.W30JLA301,11,bedien_links,NoQuantity,NoUoM,NoPrefix,Read
103,NVD CPU.PLC-MMI.W30JLA301,12,bedien_maximaal,NoQuantity,NoUoM,NoPrefix,Read
103,NVD CPU.PLC-MMI.W30JLA301,13,bedien_rechts,NoQuantity,NoUoM,NoPrefix,Read
103,NVD CPU.PLC-MMI.W30JLA301,14,bedien_test,NoQuantity,NoUoM,NoPrefix,Read
103,NVD CPU.PLC-MMI.W30JLA301,15,bedien_uit,NoQuantity,NoUoM,NoPrefix,Read
103,NVD CPU.PLC-MMI.W30JLA301,16,param_aantvennb,NoQuantity,NoUoM,NoPrefix,Read
103,NVD CPU.PLC-MMI.W30JLA301,17,param_staffelin,NoQuantity,NoUoM,NoPrefix,Read
103,NVD CPU.PLC-MMI.W30JLA301,18,param_staffeluit,NoQuantity,NoUoM,NoPrefix,Read
103,NVD CPU.PLC-MMI.W30JLA301,19,param_venhoog,NoQuantity,NoUoM,NoPrefix,Read
103,NVD CPU.PLC-MMI.W30JLA301,20,param_venlaag,NoQuantity,NoUoM,NoPrefix,Read
103,NVD CPU.PLC-MMI.W30JLA301,21,param_venmax,NoQuantity,NoUoM,NoPrefix,Read
103,NVD CPU.PLC-MMI.W30JLA301,22,stat_autobedrijf,NoQuantity,NoUoM,NoPrefix,Read
103,NVD CPU.PLC-MMI.W30JLA301,23,stat_bbeschikbaar,NoQuantity,NoUoM,NoPrefix,Read
103,NVD CPU.PLC-MMI.W30JLA301,24,stat_beschikbaar,NoQuantity,NoUoM,NoPrefix,Read
103,NVD CPU.PLC-MMI.W30JLA301,25,stat_handbedrijf,NoQuantity,NoUoM,NoPrefix,Read
103,NVD CPU.PLC-MMI.W30JLA301,26,stat_inhoog,NoQuantity,NoUoM,NoPrefix,Read
103,NVD CPU.PLC-MMI.W30JLA301,27,stat_inlaag,NoQuantity,NoUoM,NoPrefix,Read
103,NVD CPU.PLC-MMI.W30JLA301,28,stat_inlinks,NoQuantity,NoUoM,NoPrefix,Read
103,NVD CPU.PLC-MMI.W30JLA301,29,stat_inmax,NoQuantity,NoUoM,NoPrefix,Read
103,NVD CPU.PLC-MMI.W30JLA301,30,stat_inrechts,NoQuantity,NoUoM,NoPrefix,Read
103,NVD CPU.PLC-MMI.W30JLA301,31,stat_nbeschikbaar,NoQuantity,NoUoM,NoPrefix,Read
103,NVD CPU.PLC-MMI.W30JLA301,32,stat_onvoldbeschik,NoQuantity,NoUoM,NoPrefix,Read
103,NVD CPU.PLC-MMI.W30JLA301,33,stat_testactief,NoQuantity,NoUoM,NoPrefix,Read
103,NVD CPU.PLC-MMI.W30JLA301,34,stat_uit,NoQuantity,NoUoM,NoPrefix,Read
104,NVD CPU.PLC-MMI.W30JLA301JM001,1,analog_motorsgrens,NoQuantity,NoUoM,NoPrefix,Read
104,NVD CPU.PLC-MMI.W30JLA301JM001,2,analog_motorstr,NoQuantity,NoUoM,NoPrefix,Read
104,NVD CPU.PLC-MMI.W30JLA301JM001,3,analog_stroomnom,NoQuantity,NoUoM,NoPrefix,Read
104,NVD CPU.PLC-MMI.W30JLA301JM001,4,analog_terugmfout,NoQuantity,NoUoM,NoPrefix,Read
104,NVD CPU.PLC-MMI.W30JLA301JM001,5,analog_testtijd,NoQuantity,NoUoM,NoPrefix,Read
104,NVD CPU.PLC-MMI.W30JLA301JM001,6,analog_totaalin,NoQuantity,NoUoM,NoPrefix,Read
104,NVD CPU.PLC-MMI.W30JLA301JM001,7,analog_trilling,NoQuantity,NoUoM,NoPrefix,Read
104,NVD CPU.PLC-MMI.W30JLA301JM001,8,analog_trillinggrens,NoQuantity,NoUoM,NoPrefix,Read
104,NVD CPU.PLC-MMI.W30JLA301JM001,9,analog_trillingnom,NoQuantity,NoUoM,NoPrefix,Read
104,NVD CPU.PLC-MMI.W30JLA301JM001,10,analog_uitdraaitijd,NoQuantity,NoUoM,NoPrefix,Read
104,NVD CPU.PLC-MMI.W30JLA301JM001,11,analog_urenin,NoQuantity,NoUoM,NoPrefix,Read
104,NVD CPU.PLC-MMI.W30JLA301JM001,12,bedien_auto,NoQuantity,NoUoM,NoPrefix,Read
104,NVD CPU.PLC-MMI.W30JLA301JM001,13,bedien_blokkeer,NoQuantity,NoUoM,NoPrefix,Read
104,NVD CPU.PLC-MMI.W30JLA301JM001,14,bedien_hand,NoQuantity,NoUoM,NoPrefix,Read
104,NVD CPU.PLC-MMI.W30JLA301JM001,15,bedien_hinder,NoQuantity,NoUoM,NoPrefix,Read
104,NVD CPU.PLC-MMI.W30JLA301JM001,16,bedien_links,NoQuantity,NoUoM,NoPrefix,Read
104,NVD CPU.PLC-MMI.W30JLA301JM001,17,bedien_rechts,NoQuantity,NoUoM,NoPrefix,Read
104,NVD CPU.PLC-MMI.W30JLA301JM001,18,bedien_reset,NoQuantity,NoUoM,NoPrefix,Read
104,NVD CPU.PLC-MMI.W30JLA301JM001,19,bedien_uit,NoQuantity,NoUoM,NoPrefix,Read
104,NVD CPU.PLC-MMI.W30JLA301JM001,20,param_motorstroom,NoQuantity,NoUoM,NoPrefix,Read
104,NVD CPU.PLC-MMI.W30JLA301JM001,21,param_stroomnom,NoQuantity,NoUoM,NoPrefix,Read
104,NVD CPU.PLC-MMI.W30JLA301JM001,22,param_terugmfout,NoQuantity,NoUoM,NoPrefix,Read
104,NVD CPU.PLC-MMI.W30JLA301JM001,23,param_testtijd,NoQuantity,NoUoM,NoPrefix,Read
104,NVD CPU.PLC-MMI.W30JLA301JM001,24,param_totaalin,NoQuantity,NoUoM,NoPrefix,Read
104,NVD CPU.PLC-MMI.W30JLA301JM001,25,param_trillingen,NoQuantity,NoUoM,NoPrefix,Read
104,NVD CPU.PLC-MMI.W30JLA301JM001,26,param_trillingnom,NoQuantity,NoUoM,NoPrefix,Read
104,NVD CPU.PLC-MMI.W30JLA301JM001,27,param_uitdraaitijd,NoQuantity,NoUoM,NoPrefix,Read
104,NVD CPU.PLC-MMI.W30JLA301JM001,28,param_urenin,NoQuantity,NoUoM,NoPrefix,Read
104,NVD CPU.PLC-MMI.W30JLA301JM001,29,stat_autobedrijf,NoQuantity,NoUoM,NoPrefix,Read
104,NVD CPU.PLC-MMI.W30JLA301JM001,30,stat_bbeschikbaar,NoQuantity,NoUoM,NoPrefix,Read
104,NVD CPU.PLC-MMI.W30JLA301JM001,31,stat_beschikbaar,NoQuantity,NoUoM,NoPrefix,Read
104,NVD CPU.PLC-MMI.W30JLA301JM001,32,stat_geblokkeerd,NoQuantity,NoUoM,NoPrefix,Read
104,NVD CPU.PLC-MMI.W30JLA301JM001,33,stat_handbedrijf,NoQuantity,NoUoM,NoPrefix,Read
104,NVD CPU.PLC-MMI.W30JLA301JM001,34,stat_hinder,NoQuantity,NoUoM,NoPrefix,Read
104,NVD CPU.PLC-MMI.W30JLA301JM001,35,stat_inlinks,NoQuantity,NoUoM,NoPrefix,Read
104,NVD CPU.PLC-MMI.W30JLA301JM001,36,stat_inrechts,NoQuantity,NoUoM,NoPrefix,Read
104,NVD CPU.PLC-MMI.W30JLA301JM001,37,stat_lokaalbedrijf,NoQuantity,NoUoM,NoPrefix,Read
104,NVD CPU.PLC-MMI.W30JLA301JM001,38,stat_motorstrmonder,NoQuantity,NoUoM,NoPrefix,Read
104,NVD CPU.PLC-MMI.W30JLA301JM001,39,stat_motorstrmover,NoQuantity,NoUoM,NoPrefix,Read
104,NVD CPU.PLC-MMI.W30JLA301JM001,40,stat_nbeschikbaar,NoQuantity,NoUoM,NoPrefix,Read
104,NVD CPU.PLC-MMI.W30JLA301JM001,41,stat_resetuitgev,NoQuantity,NoUoM,NoPrefix,Read
104,NVD CPU.PLC-MMI.W30JLA301JM001,42,stat_terugmldfout,NoQuantity,NoUoM,NoPrefix,Read
104,NVD CPU.PLC-MMI.W30JLA301JM001,43,stat_testactief,NoQuantity,NoUoM,NoPrefix,Read
104,NVD CPU.PLC-MMI.W30JLA301JM001,44,stat_testafgebr,NoQuantity,NoUoM,NoPrefix,Read
104,NVD CPU.PLC-MMI.W30JLA301JM001,45,stat_testgeslaagd,NoQuantity,NoUoM,NoPrefix,Read
104,NVD CPU.PLC-MMI.W30JLA301JM001,46,stat_testngeslaagd,NoQuantity,NoUoM,NoPrefix,Read
104,NVD CPU.PLC-MMI.W30JLA301JM001,47,stat_thermoverb,NoQuantity,NoUoM,NoPrefix,Read
104,NVD CPU.PLC-MMI.W30JLA301JM001,48,stat_trillingover,NoQuantity,NoUoM,NoPrefix,Read
104,NVD CPU.PLC-MMI.W30JLA301JM001,49,stat_uit,NoQuantity,NoUoM,NoPrefix,Read
104,NVD CPU.PLC-MMI.W30JLA301JM001,50,stat_uitdraaitact,NoQuantity,NoUoM,NoPrefix,Read
104,NVD CPU.PLC-MMI.W30JLA301JM001,51,stat_verzstoring,NoQuantity,NoUoM,NoPrefix,Read
104,NVD CPU.PLC-MMI.W30JLA301JM001,52,stat_werksch,NoQuantity,NoUoM,NoPrefix,Read
105,NVD CPU.PLC-MMI.W30JLA302JM002,1,analog_motorsgrens,NoQuantity,NoUoM,NoPrefix,Read
105,NVD CPU.PLC-MMI.W30JLA302JM002,2,analog_motorstr,NoQuantity,NoUoM,NoPrefix,Read
105,NVD CPU.PLC-MMI.W30JLA302JM002,3,analog_stroomnom,NoQuantity,NoUoM,NoPrefix,Read
105,NVD CPU.PLC-MMI.W30JLA302JM002,4,analog_terugmfout,NoQuantity,NoUoM,NoPrefix,Read
105,NVD CPU.PLC-MMI.W30JLA302JM002,5,analog_testtijd,NoQuantity,NoUoM,NoPrefix,Read
105,NVD CPU.PLC-MMI.W30JLA302JM002,6,analog_totaalin,NoQuantity,NoUoM,NoPrefix,Read
105,NVD CPU.PLC-MMI.W30JLA302JM002,7,analog_trilling,NoQuantity,NoUoM,NoPrefix,Read
105,NVD CPU.PLC-MMI.W30JLA302JM002,8,analog_trillinggrens,NoQuantity,NoUoM,NoPrefix,Read
105,NVD CPU.PLC-MMI.W30JLA302JM002,9,analog_trillingnom,NoQuantity,NoUoM,NoPrefix,Read
105,NVD CPU.PLC-MMI.W30JLA302JM002,10,analog_uitdraaitijd,NoQuantity,NoUoM,NoPrefix,Read
105,NVD CPU.PLC-MMI.W30JLA302JM002,11,analog_urenin,NoQuantity,NoUoM,NoPrefix,Read
105,NVD CPU.PLC-MMI.W30JLA302JM002,12,bedien_auto,NoQuantity,NoUoM,NoPrefix,Read
105,NVD CPU.PLC-MMI.W30JLA302JM002,13,bedien_blokkeer,NoQuantity,NoUoM,NoPrefix,Read
105,NVD CPU.PLC-MMI.W30JLA302JM002,14,bedien_hand,NoQuantity,NoUoM,NoPrefix,Read
105,NVD CPU.PLC-MMI.W30JLA302JM002,15,bedien_hinder,NoQuantity,NoUoM,NoPrefix,Read
105,NVD CPU.PLC-MMI.W30JLA302JM002,16,bedien_links,NoQuantity,NoUoM,NoPrefix,Read
105,NVD CPU.PLC-MMI.W30JLA302JM002,17,bedien_rechts,NoQuantity,NoUoM,NoPrefix,Read
105,NVD CPU.PLC-MMI.W30JLA302JM002,18,bedien_reset,NoQuantity,NoUoM,NoPrefix,Read
105,NVD CPU.PLC-MMI.W30JLA302JM002,19,bedien_uit,NoQuantity,NoUoM,NoPrefix,Read
105,NVD CPU.PLC-MMI.W30JLA302JM002,20,param_motorstroom,NoQuantity,NoUoM,NoPrefix,Read
105,NVD CPU.PLC-MMI.W30JLA302JM002,21,param_stroomnom,NoQuantity,NoUoM,NoPrefix,Read
105,NVD CPU.PLC-MMI.W30JLA302JM002,22,param_terugmfout,NoQuantity,NoUoM,NoPrefix,Read
105,NVD CPU.PLC-MMI.W30JLA302JM002,23,param_testtijd,NoQuantity,NoUoM,NoPrefix,Read
105,NVD CPU.PLC-MMI.W30JLA302JM002,24,param_totaalin,NoQuantity,NoUoM,NoPrefix,Read
105,NVD CPU.PLC-MMI.W30JLA302JM002,25,param_trillingen,NoQuantity,NoUoM,NoPrefix,Read
105,NVD CPU.PLC-MMI.W30JLA302JM002,26,param_trillingnom,NoQuantity,NoUoM,NoPrefix,Read
105,NVD CPU.PLC-MMI.W30JLA302JM002,27,param_uitdraaitijd,NoQuantity,NoUoM,NoPrefix,Read
105,NVD CPU.PLC-MMI.W30JLA302JM002,28,param_urenin,NoQuantity,NoUoM,NoPrefix,Read
105,NVD CPU.PLC-MMI.W30JLA302JM002,29,stat_autobedrijf,NoQuantity,NoUoM,NoPrefix,Read
105,NVD CPU.PLC-MMI.W30JLA302JM002,30,stat_bbeschikbaar,NoQuantity,NoUoM,NoPrefix,Read
105,NVD CPU.PLC-MMI.W30JLA302JM002,31,stat_beschikbaar,NoQuantity,NoUoM,NoPrefix,Read
105,NVD CPU.PLC-MMI.W30JLA302JM002,32,stat_geblokkeerd,NoQuantity,NoUoM,NoPrefix,Read
105,NVD CPU.PLC-MMI.W30JLA302JM002,33,stat_handbedrijf,NoQuantity,NoUoM,NoPrefix,Read
105,NVD CPU.PLC-MMI.W30JLA302JM002,34,stat_hinder,NoQuantity,NoUoM,NoPrefix,Read
105,NVD CPU.PLC-MMI.W30JLA302JM002,35,stat_inlinks,NoQuantity,NoUoM,NoPrefix,Read
105,NVD CPU.PLC-MMI.W30JLA302JM002,36,stat_inrechts,NoQuantity,NoUoM,NoPrefix,Read
105,NVD CPU.PLC-MMI.W30JLA302JM002,37,stat_lokaalbedrijf,NoQuantity,NoUoM,NoPrefix,Read
105,NVD CPU.PLC-MMI.W30JLA302JM002,38,stat_motorstrmonder,NoQuantity,NoUoM,NoPrefix,Read
105,NVD CPU.PLC-MMI.W30JLA302JM002,39,stat_motorstrmover,NoQuantity,NoUoM,NoPrefix,Read
105,NVD CPU.PLC-MMI.W30JLA302JM002,40,stat_nbeschikbaar,NoQuantity,NoUoM,NoPrefix,Read
105,NVD CPU.PLC-MMI.W30JLA302JM002,41,stat_resetuitgev,NoQuantity,NoUoM,NoPrefix,Read
105,NVD CPU.PLC-MMI.W30JLA302JM002,42,stat_terugmldfout,NoQuantity,NoUoM,NoPrefix,Read
105,NVD CPU.PLC-MMI.W30JLA302JM002,43,stat_testactief,NoQuantity,NoUoM,NoPrefix,Read
105,NVD CPU.PLC-MMI.W30JLA302JM002,44,stat_testafgebr,NoQuantity,NoUoM,NoPrefix,Read
105,NVD CPU.PLC-MMI.W30JLA302JM002,45,stat_testgeslaagd,NoQuantity,NoUoM,NoPrefix,Read
105,NVD CPU.PLC-MMI.W30JLA302JM002,46,stat_testngeslaagd,NoQuantity,NoUoM,NoPrefix,Read
105,NVD CPU.PLC-MMI.W30JLA302JM002,47,stat_thermoverb,NoQuantity,NoUoM,NoPrefix,Read
105,NVD CPU.PLC-MMI.W30JLA302JM002,48,stat_trillingover,NoQuantity,NoUoM,NoPrefix,Read
105,NVD CPU.PLC-MMI.W30JLA302JM002,49,stat_uit,NoQuantity,NoUoM,NoPrefix,Read
105,NVD CPU.PLC-MMI.W30JLA302JM002,50,stat_uitdraaitact,NoQuantity,NoUoM,NoPrefix,Read
105,NVD CPU.PLC-MMI.W30JLA302JM002,51,stat_verzstoring,NoQuantity,NoUoM,NoPrefix,Read
105,NVD CPU.PLC-MMI.W30JLA302JM002,52,stat_werksch,NoQuantity,NoUoM,NoPrefix,Read
106,NVD CPU.PLC-MMI.W30JLA303JM003,1,analog_motorsgrens,NoQuantity,NoUoM,NoPrefix,Read
106,NVD CPU.PLC-MMI.W30JLA303JM003,2,analog_motorstr,NoQuantity,NoUoM,NoPrefix,Read
106,NVD CPU.PLC-MMI.W30JLA303JM003,3,analog_stroomnom,NoQuantity,NoUoM,NoPrefix,Read
106,NVD CPU.PLC-MMI.W30JLA303JM003,4,analog_terugmfout,NoQuantity,NoUoM,NoPrefix,Read
106,NVD CPU.PLC-MMI.W30JLA303JM003,5,analog_testtijd,NoQuantity,NoUoM,NoPrefix,Read
106,NVD CPU.PLC-MMI.W30JLA303JM003,6,analog_totaalin,NoQuantity,NoUoM,NoPrefix,Read
106,NVD CPU.PLC-MMI.W30JLA303JM003,7,analog_trilling,NoQuantity,NoUoM,NoPrefix,Read
106,NVD CPU.PLC-MMI.W30JLA303JM003,8,analog_trillinggrens,NoQuantity,NoUoM,NoPrefix,Read
106,NVD CPU.PLC-MMI.W30JLA303JM003,9,analog_trillingnom,NoQuantity,NoUoM,NoPrefix,Read
106,NVD CPU.PLC-MMI.W30JLA303JM003,10,analog_uitdraaitijd,NoQuantity,NoUoM,NoPrefix,Read
106,NVD CPU.PLC-MMI.W30JLA303JM003,11,analog_urenin,NoQuantity,NoUoM,NoPrefix,Read
106,NVD CPU.PLC-MMI.W30JLA303JM003,12,bedien_auto,NoQuantity,NoUoM,NoPrefix,Read
106,NVD CPU.PLC-MMI.W30JLA303JM003,13,bedien_blokkeer,NoQuantity,NoUoM,NoPrefix,Read
106,NVD CPU.PLC-MMI.W30JLA303JM003,14,bedien_hand,NoQuantity,NoUoM,NoPrefix,Read
106,NVD CPU.PLC-MMI.W30JLA303JM003,15,bedien_hinder,NoQuantity,NoUoM,NoPrefix,Read
106,NVD CPU.PLC-MMI.W30JLA303JM003,16,bedien_links,NoQuantity,NoUoM,NoPrefix,Read
106,NVD CPU.PLC-MMI.W30JLA303JM003,17,bedien_rechts,NoQuantity,NoUoM,NoPrefix,Read
106,NVD CPU.PLC-MMI.W30JLA303JM003,18,bedien_reset,NoQuantity,NoUoM,NoPrefix,Read
106,NVD CPU.PLC-MMI.W30JLA303JM003,19,bedien_uit,NoQuantity,NoUoM,NoPrefix,Read
106,NVD CPU.PLC-MMI.W30JLA303JM003,20,param_motorstroom,NoQuantity,NoUoM,NoPrefix,Read
106,NVD CPU.PLC-MMI.W30JLA303JM003,21,param_stroomnom,NoQuantity,NoUoM,NoPrefix,Read
106,NVD CPU.PLC-MMI.W30JLA303JM003,22,param_terugmfout,NoQuantity,NoUoM,NoPrefix,Read
106,NVD CPU.PLC-MMI.W30JLA303JM003,23,param_testtijd,NoQuantity,NoUoM,NoPrefix,Read
106,NVD CPU.PLC-MMI.W30JLA303JM003,24,param_totaalin,NoQuantity,NoUoM,NoPrefix,Read
106,NVD CPU.PLC-MMI.W30JLA303JM003,25,param_trillingen,NoQuantity,NoUoM,NoPrefix,Read
106,NVD CPU.PLC-MMI.W30JLA303JM003,26,param_trillingnom,NoQuantity,NoUoM,NoPrefix,Read
106,NVD CPU.PLC-MMI.W30JLA303JM003,27,param_uitdraaitijd,NoQuantity,NoUoM,NoPrefix,Read
106,NVD CPU.PLC-MMI.W30JLA303JM003,28,param_urenin,NoQuantity,NoUoM,NoPrefix,Read
106,NVD CPU.PLC-MMI.W30JLA303JM003,29,stat_autobedrijf,NoQuantity,NoUoM,NoPrefix,Read
106,NVD CPU.PLC-MMI.W30JLA303JM003,30,stat_bbeschikbaar,NoQuantity,NoUoM,NoPrefix,Read
106,NVD CPU.PLC-MMI.W30JLA303JM003,31,stat_beschikbaar,NoQuantity,NoUoM,NoPrefix,Read
106,NVD CPU.PLC-MMI.W30JLA303JM003,32,stat_geblokkeerd,NoQuantity,NoUoM,NoPrefix,Read
106,NVD CPU.PLC-MMI.W30JLA303JM003,33,stat_handbedrijf,NoQuantity,NoUoM,NoPrefix,Read
106,NVD CPU.PLC-MMI.W30JLA303JM003,34,stat_hinder,NoQuantity,NoUoM,NoPrefix,Read
106,NVD CPU.PLC-MMI.W30JLA303JM003,35,stat_inlinks,NoQuantity,NoUoM,NoPrefix,Read
106,NVD CPU.PLC-MMI.W30JLA303JM003,36,stat_inrechts,NoQuantity,NoUoM,NoPrefix,Read
106,NVD CPU.PLC-MMI.W30JLA303JM003,37,stat_lokaalbedrijf,NoQuantity,NoUoM,NoPrefix,Read
106,NVD CPU.PLC-MMI.W30JLA303JM003,38,stat_motorstrmonder,NoQuantity,NoUoM,NoPrefix,Read
106,NVD CPU.PLC-MMI.W30JLA303JM003,39,stat_motorstrmover,NoQuantity,NoUoM,NoPrefix,Read
106,NVD CPU.PLC-MMI.W30JLA303JM003,40,stat_nbeschikbaar,NoQuantity,NoUoM,NoPrefix,Read
106,NVD CPU.PLC-MMI.W30JLA303JM003,41,stat_resetuitgev,NoQuantity,NoUoM,NoPrefix,Read
106,NVD CPU.PLC-MMI.W30JLA303JM003,42,stat_terugmldfout,NoQuantity,NoUoM,NoPrefix,Read
106,NVD CPU.PLC-MMI.W30JLA303JM003,43,stat_testactief,NoQuantity,NoUoM,NoPrefix,Read
106,NVD CPU.PLC-MMI.W30JLA303JM003,44,stat_testafgebr,NoQuantity,NoUoM,NoPrefix,Read
106,NVD CPU.PLC-MMI.W30JLA303JM003,45,stat_testgeslaagd,NoQuantity,NoUoM,NoPrefix,Read
106,NVD CPU.PLC-MMI.W30JLA303JM003,46,stat_testngeslaagd,NoQuantity,NoUoM,NoPrefix,Read
106,NVD CPU.PLC-MMI.W30JLA303JM003,47,stat_thermoverb,NoQuantity,NoUoM,NoPrefix,Read
106,NVD CPU.PLC-MMI.W30JLA303JM003,48,stat_trillingover,NoQuantity,NoUoM,NoPrefix,Read
106,NVD CPU.PLC-MMI.W30JLA303JM003,49,stat_uit,NoQuantity,NoUoM,NoPrefix,Read
106,NVD CPU.PLC-MMI.W30JLA303JM003,50,stat_uitdraaitact,NoQuantity,NoUoM,NoPrefix,Read
106,NVD CPU.PLC-MMI.W30JLA303JM003,51,stat_verzstoring,NoQuantity,NoUoM,NoPrefix,Read
106,NVD CPU.PLC-MMI.W30JLA303JM003,52,stat_werksch,NoQuantity,NoUoM,NoPrefix,Read
107,NVD CPU.PLC-MMI.W30JLA304JM004,1,analog_motorsgrens,NoQuantity,NoUoM,NoPrefix,Read
107,NVD CPU.PLC-MMI.W30JLA304JM004,2,analog_motorstr,NoQuantity,NoUoM,NoPrefix,Read
107,NVD CPU.PLC-MMI.W30JLA304JM004,3,analog_stroomnom,NoQuantity,NoUoM,NoPrefix,Read
107,NVD CPU.PLC-MMI.W30JLA304JM004,4,analog_terugmfout,NoQuantity,NoUoM,NoPrefix,Read
107,NVD CPU.PLC-MMI.W30JLA304JM004,5,analog_testtijd,NoQuantity,NoUoM,NoPrefix,Read
107,NVD CPU.PLC-MMI.W30JLA304JM004,6,analog_totaalin,NoQuantity,NoUoM,NoPrefix,Read
107,NVD CPU.PLC-MMI.W30JLA304JM004,7,analog_trilling,NoQuantity,NoUoM,NoPrefix,Read
107,NVD CPU.PLC-MMI.W30JLA304JM004,8,analog_trillinggrens,NoQuantity,NoUoM,NoPrefix,Read
107,NVD CPU.PLC-MMI.W30JLA304JM004,9,analog_trillingnom,NoQuantity,NoUoM,NoPrefix,Read
107,NVD CPU.PLC-MMI.W30JLA304JM004,10,analog_uitdraaitijd,NoQuantity,NoUoM,NoPrefix,Read
107,NVD CPU.PLC-MMI.W30JLA304JM004,11,analog_urenin,NoQuantity,NoUoM,NoPrefix,Read
107,NVD CPU.PLC-MMI.W30JLA304JM004,12,bedien_auto,NoQuantity,NoUoM,NoPrefix,Read
107,NVD CPU.PLC-MMI.W30JLA304JM004,13,bedien_blokkeer,NoQuantity,NoUoM,NoPrefix,Read
107,NVD CPU.PLC-MMI.W30JLA304JM004,14,bedien_hand,NoQuantity,NoUoM,NoPrefix,Read
107,NVD CPU.PLC-MMI.W30JLA304JM004,15,bedien_hinder,NoQuantity,NoUoM,NoPrefix,Read
107,NVD CPU.PLC-MMI.W30JLA304JM004,16,bedien_links,NoQuantity,NoUoM,NoPrefix,Read
107,NVD CPU.PLC-MMI.W30JLA304JM004,17,bedien_rechts,NoQuantity,NoUoM,NoPrefix,Read
107,NVD CPU.PLC-MMI.W30JLA304JM004,18,bedien_reset,NoQuantity,NoUoM,NoPrefix,Read
107,NVD CPU.PLC-MMI.W30JLA304JM004,19,bedien_uit,NoQuantity,NoUoM,NoPrefix,Read
107,NVD CPU.PLC-MMI.W30JLA304JM004,20,param_motorstroom,NoQuantity,NoUoM,NoPrefix,Read
107,NVD CPU.PLC-MMI.W30JLA304JM004,21,param_stroomnom,NoQuantity,NoUoM,NoPrefix,Read
107,NVD CPU.PLC-MMI.W30JLA304JM004,22,param_terugmfout,NoQuantity,NoUoM,NoPrefix,Read
107,NVD CPU.PLC-MMI.W30JLA304JM004,23,param_testtijd,NoQuantity,NoUoM,NoPrefix,Read
107,NVD CPU.PLC-MMI.W30JLA304JM004,24,param_totaalin,NoQuantity,NoUoM,NoPrefix,Read
107,NVD CPU.PLC-MMI.W30JLA304JM004,25,param_trillingen,NoQuantity,NoUoM,NoPrefix,Read
107,NVD CPU.PLC-MMI.W30JLA304JM004,26,param_trillingnom,NoQuantity,NoUoM,NoPrefix,Read
107,NVD CPU.PLC-MMI.W30JLA304JM004,27,param_uitdraaitijd,NoQuantity,NoUoM,NoPrefix,Read
107,NVD CPU.PLC-MMI.W30JLA304JM004,28,param_urenin,NoQuantity,NoUoM,NoPrefix,Read
107,NVD CPU.PLC-MMI.W30JLA304JM004,29,stat_autobedrijf,NoQuantity,NoUoM,NoPrefix,Read
107,NVD CPU.PLC-MMI.W30JLA304JM004,30,stat_bbeschikbaar,NoQuantity,NoUoM,NoPrefix,Read
107,NVD CPU.PLC-MMI.W30JLA304JM004,31,stat_beschikbaar,NoQuantity,NoUoM,NoPrefix,Read
107,NVD CPU.PLC-MMI.W30JLA304JM004,32,stat_geblokkeerd,NoQuantity,NoUoM,NoPrefix,Read
107,NVD CPU.PLC-MMI.W30JLA304JM004,33,stat_handbedrijf,NoQuantity,NoUoM,NoPrefix,Read
107,NVD CPU.PLC-MMI.W30JLA304JM004,34,stat_hinder,NoQuantity,NoUoM,NoPrefix,Read
107,NVD CPU.PLC-MMI.W30JLA304JM004,35,stat_inlinks,NoQuantity,NoUoM,NoPrefix,Read
107,NVD CPU.PLC-MMI.W30JLA304JM004,36,stat_inrechts,NoQuantity,NoUoM,NoPrefix,Read
107,NVD CPU.PLC-MMI.W30JLA304JM004,37,stat_lokaalbedrijf,NoQuantity,NoUoM,NoPrefix,Read
107,NVD CPU.PLC-MMI.W30JLA304JM004,38,stat_motorstrmonder,NoQuantity,NoUoM,NoPrefix,Read
107,NVD CPU.PLC-MMI.W30JLA304JM004,39,stat_motorstrmover,NoQuantity,NoUoM,NoPrefix,Read
107,NVD CPU.PLC-MMI.W30JLA304JM004,40,stat_nbeschikbaar,NoQuantity,NoUoM,NoPrefix,Read
107,NVD CPU.PLC-MMI.W30JLA304JM004,41,stat_resetuitgev,NoQuantity,NoUoM,NoPrefix,Read
107,NVD CPU.PLC-MMI.W30JLA304JM004,42,stat_terugmldfout,NoQuantity,NoUoM,NoPrefix,Read
107,NVD CPU.PLC-MMI.W30JLA304JM004,43,stat_testactief,NoQuantity,NoUoM,NoPrefix,Read
107,NVD CPU.PLC-MMI.W30JLA304JM004,44,stat_testafgebr,NoQuantity,NoUoM,NoPrefix,Read
107,NVD CPU.PLC-MMI.W30JLA304JM004,45,stat_testgeslaagd,NoQuantity,NoUoM,NoPrefix,Read
107,NVD CPU.PLC-MMI.W30JLA304JM004,46,stat_testngeslaagd,NoQuantity,NoUoM,NoPrefix,Read
107,NVD CPU.PLC-MMI.W30JLA304JM004,47,stat_thermoverb,NoQuantity,NoUoM,NoPrefix,Read
107,NVD CPU.PLC-MMI.W30JLA304JM004,48,stat_trillingover,NoQuantity,NoUoM,NoPrefix,Read
107,NVD CPU.PLC-MMI.W30JLA304JM004,49,stat_uit,NoQuantity,NoUoM,NoPrefix,Read
107,NVD CPU.PLC-MMI.W30JLA304JM004,50,stat_uitdraaitact,NoQuantity,NoUoM,NoPrefix,Read
107,NVD CPU.PLC-MMI.W30JLA304JM004,51,stat_verzstoring,NoQuantity,NoUoM,NoPrefix,Read
107,NVD CPU.PLC-MMI.W30JLA304JM004,52,stat_werksch,NoQuantity,NoUoM,NoPrefix,Read
108,NVD CPU.PLC-MMI.W30JLA305JM005,1,analog_motorsgrens,NoQuantity,NoUoM,NoPrefix,Read
108,NVD CPU.PLC-MMI.W30JLA305JM005,2,analog_motorstr,NoQuantity,NoUoM,NoPrefix,Read
108,NVD CPU.PLC-MMI.W30JLA305JM005,3,analog_stroomnom,NoQuantity,NoUoM,NoPrefix,Read
108,NVD CPU.PLC-MMI.W30JLA305JM005,4,analog_terugmfout,NoQuantity,NoUoM,NoPrefix,Read
108,NVD CPU.PLC-MMI.W30JLA305JM005,5,analog_testtijd,NoQuantity,NoUoM,NoPrefix,Read
108,NVD CPU.PLC-MMI.W30JLA305JM005,6,analog_totaalin,NoQuantity,NoUoM,NoPrefix,Read
108,NVD CPU.PLC-MMI.W30JLA305JM005,7,analog_trilling,NoQuantity,NoUoM,NoPrefix,Read
108,NVD CPU.PLC-MMI.W30JLA305JM005,8,analog_trillinggrens,NoQuantity,NoUoM,NoPrefix,Read
108,NVD CPU.PLC-MMI.W30JLA305JM005,9,analog_trillingnom,NoQuantity,NoUoM,NoPrefix,Read
108,NVD CPU.PLC-MMI.W30JLA305JM005,10,analog_uitdraaitijd,NoQuantity,NoUoM,NoPrefix,Read
108,NVD CPU.PLC-MMI.W30JLA305JM005,11,analog_urenin,NoQuantity,NoUoM,NoPrefix,Read
108,NVD CPU.PLC-MMI.W30JLA305JM005,12,bedien_auto,NoQuantity,NoUoM,NoPrefix,Read
108,NVD CPU.PLC-MMI.W30JLA305JM005,13,bedien_blokkeer,NoQuantity,NoUoM,NoPrefix,Read
108,NVD CPU.PLC-MMI.W30JLA305JM005,14,bedien_hand,NoQuantity,NoUoM,NoPrefix,Read
108,NVD CPU.PLC-MMI.W30JLA305JM005,15,bedien_hinder,NoQuantity,NoUoM,NoPrefix,Read
108,NVD CPU.PLC-MMI.W30JLA305JM005,16,bedien_links,NoQuantity,NoUoM,NoPrefix,Read
108,NVD CPU.PLC-MMI.W30JLA305JM005,17,bedien_rechts,NoQuantity,NoUoM,NoPrefix,Read
108,NVD CPU.PLC-MMI.W30JLA305JM005,18,bedien_reset,NoQuantity,NoUoM,NoPrefix,Read
108,NVD CPU.PLC-MMI.W30JLA305JM005,19,bedien_uit,NoQuantity,NoUoM,NoPrefix,Read
108,NVD CPU.PLC-MMI.W30JLA305JM005,20,param_motorstroom,NoQuantity,NoUoM,NoPrefix,Read
108,NVD CPU.PLC-MMI.W30JLA305JM005,21,param_stroomnom,NoQuantity,NoUoM,NoPrefix,Read
108,NVD CPU.PLC-MMI.W30JLA305JM005,22,param_terugmfout,NoQuantity,NoUoM,NoPrefix,Read
108,NVD CPU.PLC-MMI.W30JLA305JM005,23,param_testtijd,NoQuantity,NoUoM,NoPrefix,Read
108,NVD CPU.PLC-MMI.W30JLA305JM005,24,param_totaalin,NoQuantity,NoUoM,NoPrefix,Read
108,NVD CPU.PLC-MMI.W30JLA305JM005,25,param_trillingen,NoQuantity,NoUoM,NoPrefix,Read
108,NVD CPU.PLC-MMI.W30JLA305JM005,26,param_trillingnom,NoQuantity,NoUoM,NoPrefix,Read
108,NVD CPU.PLC-MMI.W30JLA305JM005,27,param_uitdraaitijd,NoQuantity,NoUoM,NoPrefix,Read
108,NVD CPU.PLC-MMI.W30JLA305JM005,28,param_urenin,NoQuantity,NoUoM,NoPrefix,Read
108,NVD CPU.PLC-MMI.W30JLA305JM005,29,stat_autobedrijf,NoQuantity,NoUoM,NoPrefix,Read
108,NVD CPU.PLC-MMI.W30JLA305JM005,30,stat_bbeschikbaar,NoQuantity,NoUoM,NoPrefix,Read
108,NVD CPU.PLC-MMI.W30JLA305JM005,31,stat_beschikbaar,NoQuantity,NoUoM,NoPrefix,Read
108,NVD CPU.PLC-MMI.W30JLA305JM005,32,stat_geblokkeerd,NoQuantity,NoUoM,NoPrefix,Read
108,NVD CPU.PLC-MMI.W30JLA305JM005,33,stat_handbedrijf,NoQuantity,NoUoM,NoPrefix,Read
108,NVD CPU.PLC-MMI.W30JLA305JM005,34,stat_hinder,NoQuantity,NoUoM,NoPrefix,Read
108,NVD CPU.PLC-MMI.W30JLA305JM005,35,stat_inlinks,NoQuantity,NoUoM,NoPrefix,Read
108,NVD CPU.PLC-MMI.W30JLA305JM005,36,stat_inrechts,NoQuantity,NoUoM,NoPrefix,Read
108,NVD CPU.PLC-MMI.W30JLA305JM005,37,stat_lokaalbedrijf,NoQuantity,NoUoM,NoPrefix,Read
108,NVD CPU.PLC-MMI.W30JLA305JM005,38,stat_motorstrmonder,NoQuantity,NoUoM,NoPrefix,Read
108,NVD CPU.PLC-MMI.W30JLA305JM005,39,stat_motorstrmover,NoQuantity,NoUoM,NoPrefix,Read
108,NVD CPU.PLC-MMI.W30JLA305JM005,40,stat_nbeschikbaar,NoQuantity,NoUoM,NoPrefix,Read
108,NVD CPU.PLC-MMI.W30JLA305JM005,41,stat_resetuitgev,NoQuantity,NoUoM,NoPrefix,Read
108,NVD CPU.PLC-MMI.W30JLA305JM005,42,stat_terugmldfout,NoQuantity,NoUoM,NoPrefix,Read
108,NVD CPU.PLC-MMI.W30JLA305JM005,43,stat_testactief,NoQuantity,NoUoM,NoPrefix,Read
108,NVD CPU.PLC-MMI.W30JLA305JM005,44,stat_testafgebr,NoQuantity,NoUoM,NoPrefix,Read
108,NVD CPU.PLC-MMI.W30JLA305JM005,45,stat_testgeslaagd,NoQuantity,NoUoM,NoPrefix,Read
108,NVD CPU.PLC-MMI.W30JLA305JM005,46,stat_testngeslaagd,NoQuantity,NoUoM,NoPrefix,Read
108,NVD CPU.PLC-MMI.W30JLA305JM005,47,stat_thermoverb,NoQuantity,NoUoM,NoPrefix,Read
108,NVD CPU.PLC-MMI.W30JLA305JM005,48,stat_trillingover,NoQuantity,NoUoM,NoPrefix,Read
108,NVD CPU.PLC-MMI.W30JLA305JM005,49,stat_uit,NoQuantity,NoUoM,NoPrefix,Read
108,NVD CPU.PLC-MMI.W30JLA305JM005,50,stat_uitdraaitact,NoQuantity,NoUoM,NoPrefix,Read
108,NVD CPU.PLC-MMI.W30JLA305JM005,51,stat_verzstoring,NoQuantity,NoUoM,NoPrefix,Read
108,NVD CPU.PLC-MMI.W30JLA305JM005,52,stat_werksch,NoQuantity,NoUoM,NoPrefix,Read
109,NVD CPU.PLC-MMI.W30JLA306JM006,1,analog_motorsgrens,NoQuantity,NoUoM,NoPrefix,Read
109,NVD CPU.PLC-MMI.W30JLA306JM006,2,analog_motorstr,NoQuantity,NoUoM,NoPrefix,Read
109,NVD CPU.PLC-MMI.W30JLA306JM006,3,analog_stroomnom,NoQuantity,NoUoM,NoPrefix,Read
109,NVD CPU.PLC-MMI.W30JLA306JM006,4,analog_terugmfout,NoQuantity,NoUoM,NoPrefix,Read
109,NVD CPU.PLC-MMI.W30JLA306JM006,5,analog_testtijd,NoQuantity,NoUoM,NoPrefix,Read
109,NVD CPU.PLC-MMI.W30JLA306JM006,6,analog_totaalin,NoQuantity,NoUoM,NoPrefix,Read
109,NVD CPU.PLC-MMI.W30JLA306JM006,7,analog_trilling,NoQuantity,NoUoM,NoPrefix,Read
109,NVD CPU.PLC-MMI.W30JLA306JM006,8,analog_trillinggrens,NoQuantity,NoUoM,NoPrefix,Read
109,NVD CPU.PLC-MMI.W30JLA306JM006,9,analog_trillingnom,NoQuantity,NoUoM,NoPrefix,Read
109,NVD CPU.PLC-MMI.W30JLA306JM006,10,analog_uitdraaitijd,NoQuantity,NoUoM,NoPrefix,Read
109,NVD CPU.PLC-MMI.W30JLA306JM006,11,analog_urenin,NoQuantity,NoUoM,NoPrefix,Read
109,NVD CPU.PLC-MMI.W30JLA306JM006,12,bedien_auto,NoQuantity,NoUoM,NoPrefix,Read
109,NVD CPU.PLC-MMI.W30JLA306JM006,13,bedien_blokkeer,NoQuantity,NoUoM,NoPrefix,Read
109,NVD CPU.PLC-MMI.W30JLA306JM006,14,bedien_hand,NoQuantity,NoUoM,NoPrefix,Read
109,NVD CPU.PLC-MMI.W30JLA306JM006,15,bedien_hinder,NoQuantity,NoUoM,NoPrefix,Read
109,NVD CPU.PLC-MMI.W30JLA306JM006,16,bedien_links,NoQuantity,NoUoM,NoPrefix,Read
109,NVD CPU.PLC-MMI.W30JLA306JM006,17,bedien_rechts,NoQuantity,NoUoM,NoPrefix,Read
109,NVD CPU.PLC-MMI.W30JLA306JM006,18,bedien_reset,NoQuantity,NoUoM,NoPrefix,Read
109,NVD CPU.PLC-MMI.W30JLA306JM006,19,bedien_uit,NoQuantity,NoUoM,NoPrefix,Read
109,NVD CPU.PLC-MMI.W30JLA306JM006,20,param_motorstroom,NoQuantity,NoUoM,NoPrefix,Read
109,NVD CPU.PLC-MMI.W30JLA306JM006,21,param_stroomnom,NoQuantity,NoUoM,NoPrefix,Read
109,NVD CPU.PLC-MMI.W30JLA306JM006,22,param_terugmfout,NoQuantity,NoUoM,NoPrefix,Read
109,NVD CPU.PLC-MMI.W30JLA306JM006,23,param_testtijd,NoQuantity,NoUoM,NoPrefix,Read
109,NVD CPU.PLC-MMI.W30JLA306JM006,24,param_totaalin,NoQuantity,NoUoM,NoPrefix,Read
109,NVD CPU.PLC-MMI.W30JLA306JM006,25,param_trillingen,NoQuantity,NoUoM,NoPrefix,Read
109,NVD CPU.PLC-MMI.W30JLA306JM006,26,param_trillingnom,NoQuantity,NoUoM,NoPrefix,Read
109,NVD CPU.PLC-MMI.W30JLA306JM006,27,param_uitdraaitijd,NoQuantity,NoUoM,NoPrefix,Read
109,NVD CPU.PLC-MMI.W30JLA306JM006,28,param_urenin,NoQuantity,NoUoM,NoPrefix,Read
109,NVD CPU.PLC-MMI.W30JLA306JM006,29,stat_autobedrijf,NoQuantity,NoUoM,NoPrefix,Read
109,NVD CPU.PLC-MMI.W30JLA306JM006,30,stat_bbeschikbaar,NoQuantity,NoUoM,NoPrefix,Read
109,NVD CPU.PLC-MMI.W30JLA306JM006,31,stat_beschikbaar,NoQuantity,NoUoM,NoPrefix,Read
109,NVD CPU.PLC-MMI.W30JLA306JM006,32,stat_geblokkeerd,NoQuantity,NoUoM,NoPrefix,Read
109,NVD CPU.PLC-MMI.W30JLA306JM006,33,stat_handbedrijf,NoQuantity,NoUoM,NoPrefix,Read
109,NVD CPU.PLC-MMI.W30JLA306JM006,34,stat_hinder,NoQuantity,NoUoM,NoPrefix,Read
109,NVD CPU.PLC-MMI.W30JLA306JM006,35,stat_inlinks,NoQuantity,NoUoM,NoPrefix,Read
109,NVD CPU.PLC-MMI.W30JLA306JM006,36,stat_inrechts,NoQuantity,NoUoM,NoPrefix,Read
109,NVD CPU.PLC-MMI.W30JLA306JM006,37,stat_lokaalbedrijf,NoQuantity,NoUoM,NoPrefix,Read
109,NVD CPU.PLC-MMI.W30JLA306JM006,38,stat_motorstrmonder,NoQuantity,NoUoM,NoPrefix,Read
109,NVD CPU.PLC-MMI.W30JLA306JM006,39,stat_motorstrmover,NoQuantity,NoUoM,NoPrefix,Read
109,NVD CPU.PLC-MMI.W30JLA306JM006,40,stat_nbeschikbaar,NoQuantity,NoUoM,NoPrefix,Read
109,NVD CPU.PLC-MMI.W30JLA306JM006,41,stat_resetuitgev,NoQuantity,NoUoM,NoPrefix,Read
109,NVD CPU.PLC-MMI.W30JLA306JM006,42,stat_terugmldfout,NoQuantity,NoUoM,NoPrefix,Read
109,NVD CPU.PLC-MMI.W30JLA306JM006,43,stat_testactief,NoQuantity,NoUoM,NoPrefix,Read
109,NVD CPU.PLC-MMI.W30JLA306JM006,44,stat_testafgebr,NoQuantity,NoUoM,NoPrefix,Read
109,NVD CPU.PLC-MMI.W30JLA306JM006,45,stat_testgeslaagd,NoQuantity,NoUoM,NoPrefix,Read
109,NVD CPU.PLC-MMI.W30JLA306JM006,46,stat_testngeslaagd,NoQuantity,NoUoM,NoPrefix,Read
109,NVD CPU.PLC-MMI.W30JLA306JM006,47,stat_thermoverb,NoQuantity,NoUoM,NoPrefix,Read
109,NVD CPU.PLC-MMI.W30JLA306JM006,48,stat_trillingover,NoQuantity,NoUoM,NoPrefix,Read
109,NVD CPU.PLC-MMI.W30JLA306JM006,49,stat_uit,NoQuantity,NoUoM,NoPrefix,Read
109,NVD CPU.PLC-MMI.W30JLA306JM006,50,stat_uitdraaitact,NoQuantity,NoUoM,NoPrefix,Read
109,NVD CPU.PLC-MMI.W30JLA306JM006,51,stat_verzstoring,NoQuantity,NoUoM,NoPrefix,Read
109,NVD CPU.PLC-MMI.W30JLA306JM006,52,stat_werksch,NoQuantity,NoUoM,NoPrefix,Read
110,NVD CPU.PLC-MMI.W30JLA307JM007,1,analog_motorsgrens,NoQuantity,NoUoM,NoPrefix,Read
110,NVD CPU.PLC-MMI.W30JLA307JM007,2,analog_motorstr,NoQuantity,NoUoM,NoPrefix,Read
110,NVD CPU.PLC-MMI.W30JLA307JM007,3,analog_stroomnom,NoQuantity,NoUoM,NoPrefix,Read
110,NVD CPU.PLC-MMI.W30JLA307JM007,4,analog_terugmfout,NoQuantity,NoUoM,NoPrefix,Read
110,NVD CPU.PLC-MMI.W30JLA307JM007,5,analog_testtijd,NoQuantity,NoUoM,NoPrefix,Read
110,NVD CPU.PLC-MMI.W30JLA307JM007,6,analog_totaalin,NoQuantity,NoUoM,NoPrefix,Read
110,NVD CPU.PLC-MMI.W30JLA307JM007,7,analog_trilling,NoQuantity,NoUoM,NoPrefix,Read
110,NVD CPU.PLC-MMI.W30JLA307JM007,8,analog_trillinggrens,NoQuantity,NoUoM,NoPrefix,Read
110,NVD CPU.PLC-MMI.W30JLA307JM007,9,analog_trillingnom,NoQuantity,NoUoM,NoPrefix,Read
110,NVD CPU.PLC-MMI.W30JLA307JM007,10,analog_uitdraaitijd,NoQuantity,NoUoM,NoPrefix,Read
110,NVD CPU.PLC-MMI.W30JLA307JM007,11,analog_urenin,NoQuantity,NoUoM,NoPrefix,Read
110,NVD CPU.PLC-MMI.W30JLA307JM007,12,bedien_auto,NoQuantity,NoUoM,NoPrefix,Read
110,NVD CPU.PLC-MMI.W30JLA307JM007,13,bedien_blokkeer,NoQuantity,NoUoM,NoPrefix,Read
110,NVD CPU.PLC-MMI.W30JLA307JM007,14,bedien_hand,NoQuantity,NoUoM,NoPrefix,Read
110,NVD CPU.PLC-MMI.W30JLA307JM007,15,bedien_hinder,NoQuantity,NoUoM,NoPrefix,Read
110,NVD CPU.PLC-MMI.W30JLA307JM007,16,bedien_links,NoQuantity,NoUoM,NoPrefix,Read
110,NVD CPU.PLC-MMI.W30JLA307JM007,17,bedien_rechts,NoQuantity,NoUoM,NoPrefix,Read
110,NVD CPU.PLC-MMI.W30JLA307JM007,18,bedien_reset,NoQuantity,NoUoM,NoPrefix,Read
110,NVD CPU.PLC-MMI.W30JLA307JM007,19,bedien_uit,NoQuantity,NoUoM,NoPrefix,Read
110,NVD CPU.PLC-MMI.W30JLA307JM007,20,param_motorstroom,NoQuantity,NoUoM,NoPrefix,Read
110,NVD CPU.PLC-MMI.W30JLA307JM007,21,param_stroomnom,NoQuantity,NoUoM,NoPrefix,Read
110,NVD CPU.PLC-MMI.W30JLA307JM007,22,param_terugmfout,NoQuantity,NoUoM,NoPrefix,Read
110,NVD CPU.PLC-MMI.W30JLA307JM007,23,param_testtijd,NoQuantity,NoUoM,NoPrefix,Read
110,NVD CPU.PLC-MMI.W30JLA307JM007,24,param_totaalin,NoQuantity,NoUoM,NoPrefix,Read
110,NVD CPU.PLC-MMI.W30JLA307JM007,25,param_trillingen,NoQuantity,NoUoM,NoPrefix,Read
110,NVD CPU.PLC-MMI.W30JLA307JM007,26,param_trillingnom,NoQuantity,NoUoM,NoPrefix,Read
110,NVD CPU.PLC-MMI.W30JLA307JM007,27,param_uitdraaitijd,NoQuantity,NoUoM,NoPrefix,Read
110,NVD CPU.PLC-MMI.W30JLA307JM007,28,param_urenin,NoQuantity,NoUoM,NoPrefix,Read
110,NVD CPU.PLC-MMI.W30JLA307JM007,29,stat_autobedrijf,NoQuantity,NoUoM,NoPrefix,Read
110,NVD CPU.PLC-MMI.W30JLA307JM007,30,stat_bbeschikbaar,NoQuantity,NoUoM,NoPrefix,Read
110,NVD CPU.PLC-MMI.W30JLA307JM007,31,stat_beschikbaar,NoQuantity,NoUoM,NoPrefix,Read
110,NVD CPU.PLC-MMI.W30JLA307JM007,32,stat_geblokkeerd,NoQuantity,NoUoM,NoPrefix,Read
110,NVD CPU.PLC-MMI.W30JLA307JM007,33,stat_handbedrijf,NoQuantity,NoUoM,NoPrefix,Read
110,NVD CPU.PLC-MMI.W30JLA307JM007,34,stat_hinder,NoQuantity,NoUoM,NoPrefix,Read
110,NVD CPU.PLC-MMI.W30JLA307JM007,35,stat_inlinks,NoQuantity,NoUoM,NoPrefix,Read
110,NVD CPU.PLC-MMI.W30JLA307JM007,36,stat_inrechts,NoQuantity,NoUoM,NoPrefix,Read
110,NVD CPU.PLC-MMI.W30JLA307JM007,37,stat_lokaalbedrijf,NoQuantity,NoUoM,NoPrefix,Read
110,NVD CPU.PLC-MMI.W30JLA307JM007,38,stat_motorstrmonder,NoQuantity,NoUoM,NoPrefix,Read
110,NVD CPU.PLC-MMI.W30JLA307JM007,39,stat_motorstrmover,NoQuantity,NoUoM,NoPrefix,Read
110,NVD CPU.PLC-MMI.W30JLA307JM007,40,stat_nbeschikbaar,NoQuantity,NoUoM,NoPrefix,Read
110,NVD CPU.PLC-MMI.W30JLA307JM007,41,stat_resetuitgev,NoQuantity,NoUoM,NoPrefix,Read
110,NVD CPU.PLC-MMI.W30JLA307JM007,42,stat_terugmldfout,NoQuantity,NoUoM,NoPrefix,Read
110,NVD CPU.PLC-MMI.W30JLA307JM007,43,stat_testactief,NoQuantity,NoUoM,NoPrefix,Read
110,NVD CPU.PLC-MMI.W30JLA307JM007,44,stat_testafgebr,NoQuantity,NoUoM,NoPrefix,Read
110,NVD CPU.PLC-MMI.W30JLA307JM007,45,stat_testgeslaagd,NoQuantity,NoUoM,NoPrefix,Read
110,NVD CPU.PLC-MMI.W30JLA307JM007,46,stat_testngeslaagd,NoQuantity,NoUoM,NoPrefix,Read
110,NVD CPU.PLC-MMI.W30JLA307JM007,47,stat_thermoverb,NoQuantity,NoUoM,NoPrefix,Read
110,NVD CPU.PLC-MMI.W30JLA307JM007,48,stat_trillingover,NoQuantity,NoUoM,NoPrefix,Read
110,NVD CPU.PLC-MMI.W30JLA307JM007,49,stat_uit,NoQuantity,NoUoM,NoPrefix,Read
110,NVD CPU.PLC-MMI.W30JLA307JM007,50,stat_uitdraaitact,NoQuantity,NoUoM,NoPrefix,Read
110,NVD CPU.PLC-MMI.W30JLA307JM007,51,stat_verzstoring,NoQuantity,NoUoM,NoPrefix,Read
110,NVD CPU.PLC-MMI.W30JLA307JM007,52,stat_werksch,NoQuantity,NoUoM,NoPrefix,Read
111,NVD CPU.PLC-MMI.W30JLA308JM008,1,analog_motorsgrens,NoQuantity,NoUoM,NoPrefix,Read
111,NVD CPU.PLC-MMI.W30JLA308JM008,2,analog_motorstr,NoQuantity,NoUoM,NoPrefix,Read
111,NVD CPU.PLC-MMI.W30JLA308JM008,3,analog_stroomnom,NoQuantity,NoUoM,NoPrefix,Read
111,NVD CPU.PLC-MMI.W30JLA308JM008,4,analog_terugmfout,NoQuantity,NoUoM,NoPrefix,Read
111,NVD CPU.PLC-MMI.W30JLA308JM008,5,analog_testtijd,NoQuantity,NoUoM,NoPrefix,Read
111,NVD CPU.PLC-MMI.W30JLA308JM008,6,analog_totaalin,NoQuantity,NoUoM,NoPrefix,Read
111,NVD CPU.PLC-MMI.W30JLA308JM008,7,analog_trilling,NoQuantity,NoUoM,NoPrefix,Read
111,NVD CPU.PLC-MMI.W30JLA308JM008,8,analog_trillinggrens,NoQuantity,NoUoM,NoPrefix,Read
111,NVD CPU.PLC-MMI.W30JLA308JM008,9,analog_trillingnom,NoQuantity,NoUoM,NoPrefix,Read
111,NVD CPU.PLC-MMI.W30JLA308JM008,10,analog_uitdraaitijd,NoQuantity,NoUoM,NoPrefix,Read
111,NVD CPU.PLC-MMI.W30JLA308JM008,11,analog_urenin,NoQuantity,NoUoM,NoPrefix,Read
111,NVD CPU.PLC-MMI.W30JLA308JM008,12,bedien_auto,NoQuantity,NoUoM,NoPrefix,Read
111,NVD CPU.PLC-MMI.W30JLA308JM008,13,bedien_blokkeer,NoQuantity,NoUoM,NoPrefix,Read
111,NVD CPU.PLC-MMI.W30JLA308JM008,14,bedien_hand,NoQuantity,NoUoM,NoPrefix,Read
111,NVD CPU.PLC-MMI.W30JLA308JM008,15,bedien_hinder,NoQuantity,NoUoM,NoPrefix,Read
111,NVD CPU.PLC-MMI.W30JLA308JM008,16,bedien_links,NoQuantity,NoUoM,NoPrefix,Read
111,NVD CPU.PLC-MMI.W30JLA308JM008,17,bedien_rechts,NoQuantity,NoUoM,NoPrefix,Read
111,NVD CPU.PLC-MMI.W30JLA308JM008,18,bedien_reset,NoQuantity,NoUoM,NoPrefix,Read
111,NVD CPU.PLC-MMI.W30JLA308JM008,19,bedien_uit,NoQuantity,NoUoM,NoPrefix,Read
111,NVD CPU.PLC-MMI.W30JLA308JM008,20,param_motorstroom,NoQuantity,NoUoM,NoPrefix,Read
111,NVD CPU.PLC-MMI.W30JLA308JM008,21,param_stroomnom,NoQuantity,NoUoM,NoPrefix,Read
111,NVD CPU.PLC-MMI.W30JLA308JM008,22,param_terugmfout,NoQuantity,NoUoM,NoPrefix,Read
111,NVD CPU.PLC-MMI.W30JLA308JM008,23,param_testtijd,NoQuantity,NoUoM,NoPrefix,Read
111,NVD CPU.PLC-MMI.W30JLA308JM008,24,param_totaalin,NoQuantity,NoUoM,NoPrefix,Read
111,NVD CPU.PLC-MMI.W30JLA308JM008,25,param_trillingen,NoQuantity,NoUoM,NoPrefix,Read
111,NVD CPU.PLC-MMI.W30JLA308JM008,26,param_trillingnom,NoQuantity,NoUoM,NoPrefix,Read
111,NVD CPU.PLC-MMI.W30JLA308JM008,27,param_uitdraaitijd,NoQuantity,NoUoM,NoPrefix,Read
111,NVD CPU.PLC-MMI.W30JLA308JM008,28,param_urenin,NoQuantity,NoUoM,NoPrefix,Read
111,NVD CPU.PLC-MMI.W30JLA308JM008,29,stat_autobedrijf,NoQuantity,NoUoM,NoPrefix,Read
111,NVD CPU.PLC-MMI.W30JLA308JM008,30,stat_bbeschikbaar,NoQuantity,NoUoM,NoPrefix,Read
111,NVD CPU.PLC-MMI.W30JLA308JM008,31,stat_beschikbaar,NoQuantity,NoUoM,NoPrefix,Read
111,NVD CPU.PLC-MMI.W30JLA308JM008,32,stat_geblokkeerd,NoQuantity,NoUoM,NoPrefix,Read
111,NVD CPU.PLC-MMI.W30JLA308JM008,33,stat_handbedrijf,NoQuantity,NoUoM,NoPrefix,Read
111,NVD CPU.PLC-MMI.W30JLA308JM008,34,stat_hinder,NoQuantity,NoUoM,NoPrefix,Read
111,NVD CPU.PLC-MMI.W30JLA308JM008,35,stat_inlinks,NoQuantity,NoUoM,NoPrefix,Read
111,NVD CPU.PLC-MMI.W30JLA308JM008,36,stat_inrechts,NoQuantity,NoUoM,NoPrefix,Read
111,NVD CPU.PLC-MMI.W30JLA308JM008,37,stat_lokaalbedrijf,NoQuantity,NoUoM,NoPrefix,Read
111,NVD CPU.PLC-MMI.W30JLA308JM008,38,stat_motorstrmonder,NoQuantity,NoUoM,NoPrefix,Read
111,NVD CPU.PLC-MMI.W30JLA308JM008,39,stat_motorstrmover,NoQuantity,NoUoM,NoPrefix,Read
111,NVD CPU.PLC-MMI.W30JLA308JM008,40,stat_nbeschikbaar,NoQuantity,NoUoM,NoPrefix,Read
111,NVD CPU.PLC-MMI.W30JLA308JM008,41,stat_resetuitgev,NoQuantity,NoUoM,NoPrefix,Read
111,NVD CPU.PLC-MMI.W30JLA308JM008,42,stat_terugmldfout,NoQuantity,NoUoM,NoPrefix,Read
111,NVD CPU.PLC-MMI.W30JLA308JM008,43,stat_testactief,NoQuantity,NoUoM,NoPrefix,Read
111,NVD CPU.PLC-MMI.W30JLA308JM008,44,stat_testafgebr,NoQuantity,NoUoM,NoPrefix,Read
111,NVD CPU.PLC-MMI.W30JLA308JM008,45,stat_testgeslaagd,NoQuantity,NoUoM,NoPrefix,Read
111,NVD CPU.PLC-MMI.W30JLA308JM008,46,stat_testngeslaagd,NoQuantity,NoUoM,NoPrefix,Read
111,NVD CPU.PLC-MMI.W30JLA308JM008,47,stat_thermoverb,NoQuantity,NoUoM,NoPrefix,Read
111,NVD CPU.PLC-MMI.W30JLA308JM008,48,stat_trillingover,NoQuantity,NoUoM,NoPrefix,Read
111,NVD CPU.PLC-MMI.W30JLA308JM008,49,stat_uit,NoQuantity,NoUoM,NoPrefix,Read
111,NVD CPU.PLC-MMI.W30JLA308JM008,50,stat_uitdraaitact,NoQuantity,NoUoM,NoPrefix,Read
111,NVD CPU.PLC-MMI.W30JLA308JM008,51,stat_verzstoring,NoQuantity,NoUoM,NoPrefix,Read
111,NVD CPU.PLC-MMI.W30JLA308JM008,52,stat_werksch,NoQuantity,NoUoM,NoPrefix,Read
112,NVD CPU.PLC-MMI.W30JLA309JM009,1,analog_motorsgrens,NoQuantity,NoUoM,NoPrefix,Read
112,NVD CPU.PLC-MMI.W30JLA309JM009,2,analog_motorstr,NoQuantity,NoUoM,NoPrefix,Read
112,NVD CPU.PLC-MMI.W30JLA309JM009,3,analog_stroomnom,NoQuantity,NoUoM,NoPrefix,Read
112,NVD CPU.PLC-MMI.W30JLA309JM009,4,analog_terugmfout,NoQuantity,NoUoM,NoPrefix,Read
112,NVD CPU.PLC-MMI.W30JLA309JM009,5,analog_testtijd,NoQuantity,NoUoM,NoPrefix,Read
112,NVD CPU.PLC-MMI.W30JLA309JM009,6,analog_totaalin,NoQuantity,NoUoM,NoPrefix,Read
112,NVD CPU.PLC-MMI.W30JLA309JM009,7,analog_trilling,NoQuantity,NoUoM,NoPrefix,Read
112,NVD CPU.PLC-MMI.W30JLA309JM009,8,analog_trillinggrens,NoQuantity,NoUoM,NoPrefix,Read
112,NVD CPU.PLC-MMI.W30JLA309JM009,9,analog_trillingnom,NoQuantity,NoUoM,NoPrefix,Read
112,NVD CPU.PLC-MMI.W30JLA309JM009,10,analog_uitdraaitijd,NoQuantity,NoUoM,NoPrefix,Read
112,NVD CPU.PLC-MMI.W30JLA309JM009,11,analog_urenin,NoQuantity,NoUoM,NoPrefix,Read
112,NVD CPU.PLC-MMI.W30JLA309JM009,12,bedien_auto,NoQuantity,NoUoM,NoPrefix,Read
112,NVD CPU.PLC-MMI.W30JLA309JM009,13,bedien_blokkeer,NoQuantity,NoUoM,NoPrefix,Read
112,NVD CPU.PLC-MMI.W30JLA309JM009,14,bedien_hand,NoQuantity,NoUoM,NoPrefix,Read
112,NVD CPU.PLC-MMI.W30JLA309JM009,15,bedien_hinder,NoQuantity,NoUoM,NoPrefix,Read
112,NVD CPU.PLC-MMI.W30JLA309JM009,16,bedien_links,NoQuantity,NoUoM,NoPrefix,Read
112,NVD CPU.PLC-MMI.W30JLA309JM009,17,bedien_rechts,NoQuantity,NoUoM,NoPrefix,Read
112,NVD CPU.PLC-MMI.W30JLA309JM009,18,bedien_reset,NoQuantity,NoUoM,NoPrefix,Read
112,NVD CPU.PLC-MMI.W30JLA309JM009,19,bedien_uit,NoQuantity,NoUoM,NoPrefix,Read
112,NVD CPU.PLC-MMI.W30JLA309JM009,20,param_motorstroom,NoQuantity,NoUoM,NoPrefix,Read
112,NVD CPU.PLC-MMI.W30JLA309JM009,21,param_stroomnom,NoQuantity,NoUoM,NoPrefix,Read
112,NVD CPU.PLC-MMI.W30JLA309JM009,22,param_terugmfout,NoQuantity,NoUoM,NoPrefix,Read
112,NVD CPU.PLC-MMI.W30JLA309JM009,23,param_testtijd,NoQuantity,NoUoM,NoPrefix,Read
112,NVD CPU.PLC-MMI.W30JLA309JM009,24,param_totaalin,NoQuantity,NoUoM,NoPrefix,Read
112,NVD CPU.PLC-MMI.W30JLA309JM009,25,param_trillingen,NoQuantity,NoUoM,NoPrefix,Read
112,NVD CPU.PLC-MMI.W30JLA309JM009,26,param_trillingnom,NoQuantity,NoUoM,NoPrefix,Read
112,NVD CPU.PLC-MMI.W30JLA309JM009,27,param_uitdraaitijd,NoQuantity,NoUoM,NoPrefix,Read
112,NVD CPU.PLC-MMI.W30JLA309JM009,28,param_urenin,NoQuantity,NoUoM,NoPrefix,Read
112,NVD CPU.PLC-MMI.W30JLA309JM009,29,stat_autobedrijf,NoQuantity,NoUoM,NoPrefix,Read
112,NVD CPU.PLC-MMI.W30JLA309JM009,30,stat_bbeschikbaar,NoQuantity,NoUoM,NoPrefix,Read
112,NVD CPU.PLC-MMI.W30JLA309JM009,31,stat_beschikbaar,NoQuantity,NoUoM,NoPrefix,Read
112,NVD CPU.PLC-MMI.W30JLA309JM009,32,stat_geblokkeerd,NoQuantity,NoUoM,NoPrefix,Read
112,NVD CPU.PLC-MMI.W30JLA309JM009,33,stat_handbedrijf,NoQuantity,NoUoM,NoPrefix,Read
112,NVD CPU.PLC-MMI.W30JLA309JM009,34,stat_hinder,NoQuantity,NoUoM,NoPrefix,Read
112,NVD CPU.PLC-MMI.W30JLA309JM009,35,stat_inlinks,NoQuantity,NoUoM,NoPrefix,Read
112,NVD CPU.PLC-MMI.W30JLA309JM009,36,stat_inrechts,NoQuantity,NoUoM,NoPrefix,Read
112,NVD CPU.PLC-MMI.W30JLA309JM009,37,stat_lokaalbedrijf,NoQuantity,NoUoM,NoPrefix,Read
112,NVD CPU.PLC-MMI.W30JLA309JM009,38,stat_motorstrmonder,NoQuantity,NoUoM,NoPrefix,Read
112,NVD CPU.PLC-MMI.W30JLA309JM009,39,stat_motorstrmover,NoQuantity,NoUoM,NoPrefix,Read
112,NVD CPU.PLC-MMI.W30JLA309JM009,40,stat_nbeschikbaar,NoQuantity,NoUoM,NoPrefix,Read
112,NVD CPU.PLC-MMI.W30JLA309JM009,41,stat_resetuitgev,NoQuantity,NoUoM,NoPrefix,Read
112,NVD CPU.PLC-MMI.W30JLA309JM009,42,stat_terugmldfout,NoQuantity,NoUoM,NoPrefix,Read
112,NVD CPU.PLC-MMI.W30JLA309JM009,43,stat_testactief,NoQuantity,NoUoM,NoPrefix,Read
112,NVD CPU.PLC-MMI.W30JLA309JM009,44,stat_testafgebr,NoQuantity,NoUoM,NoPrefix,Read
112,NVD CPU.PLC-MMI.W30JLA309JM009,45,stat_testgeslaagd,NoQuantity,NoUoM,NoPrefix,Read
112,NVD CPU.PLC-MMI.W30JLA309JM009,46,stat_testngeslaagd,NoQuantity,NoUoM,NoPrefix,Read
112,NVD CPU.PLC-MMI.W30JLA309JM009,47,stat_thermoverb,NoQuantity,NoUoM,NoPrefix,Read
112,NVD CPU.PLC-MMI.W30JLA309JM009,48,stat_trillingover,NoQuantity,NoUoM,NoPrefix,Read
112,NVD CPU.PLC-MMI.W30JLA309JM009,49,stat_uit,NoQuantity,NoUoM,NoPrefix,Read
112,NVD CPU.PLC-MMI.W30JLA309JM009,50,stat_uitdraaitact,NoQuantity,NoUoM,NoPrefix,Read
112,NVD CPU.PLC-MMI.W30JLA309JM009,51,stat_verzstoring,NoQuantity,NoUoM,NoPrefix,Read
112,NVD CPU.PLC-MMI.W30JLA309JM009,52,stat_werksch,NoQuantity,NoUoM,NoPrefix,Read
113,NVD CPU.PLC-MMI.W30JLA310JM010,1,analog_motorsgrens,NoQuantity,NoUoM,NoPrefix,Read
113,NVD CPU.PLC-MMI.W30JLA310JM010,2,analog_motorstr,NoQuantity,NoUoM,NoPrefix,Read
113,NVD CPU.PLC-MMI.W30JLA310JM010,3,analog_stroomnom,NoQuantity,NoUoM,NoPrefix,Read
113,NVD CPU.PLC-MMI.W30JLA310JM010,4,analog_terugmfout,NoQuantity,NoUoM,NoPrefix,Read
113,NVD CPU.PLC-MMI.W30JLA310JM010,5,analog_testtijd,NoQuantity,NoUoM,NoPrefix,Read
113,NVD CPU.PLC-MMI.W30JLA310JM010,6,analog_totaalin,NoQuantity,NoUoM,NoPrefix,Read
113,NVD CPU.PLC-MMI.W30JLA310JM010,7,analog_trilling,NoQuantity,NoUoM,NoPrefix,Read
113,NVD CPU.PLC-MMI.W30JLA310JM010,8,analog_trillinggrens,NoQuantity,NoUoM,NoPrefix,Read
113,NVD CPU.PLC-MMI.W30JLA310JM010,9,analog_trillingnom,NoQuantity,NoUoM,NoPrefix,Read
113,NVD CPU.PLC-MMI.W30JLA310JM010,10,analog_uitdraaitijd,NoQuantity,NoUoM,NoPrefix,Read
113,NVD CPU.PLC-MMI.W30JLA310JM010,11,analog_urenin,NoQuantity,NoUoM,NoPrefix,Read
113,NVD CPU.PLC-MMI.W30JLA310JM010,12,bedien_auto,NoQuantity,NoUoM,NoPrefix,Read
113,NVD CPU.PLC-MMI.W30JLA310JM010,13,bedien_blokkeer,NoQuantity,NoUoM,NoPrefix,Read
113,NVD CPU.PLC-MMI.W30JLA310JM010,14,bedien_hand,NoQuantity,NoUoM,NoPrefix,Read
113,NVD CPU.PLC-MMI.W30JLA310JM010,15,bedien_hinder,NoQuantity,NoUoM,NoPrefix,Read
113,NVD CPU.PLC-MMI.W30JLA310JM010,16,bedien_links,NoQuantity,NoUoM,NoPrefix,Read
113,NVD CPU.PLC-MMI.W30JLA310JM010,17,bedien_rechts,NoQuantity,NoUoM,NoPrefix,Read
113,NVD CPU.PLC-MMI.W30JLA310JM010,18,bedien_reset,NoQuantity,NoUoM,NoPrefix,Read
113,NVD CPU.PLC-MMI.W30JLA310JM010,19,bedien_uit,NoQuantity,NoUoM,NoPrefix,Read
113,NVD CPU.PLC-MMI.W30JLA310JM010,20,param_motorstroom,NoQuantity,NoUoM,NoPrefix,Read
113,NVD CPU.PLC-MMI.W30JLA310JM010,21,param_stroomnom,NoQuantity,NoUoM,NoPrefix,Read
113,NVD CPU.PLC-MMI.W30JLA310JM010,22,param_terugmfout,NoQuantity,NoUoM,NoPrefix,Read
113,NVD CPU.PLC-MMI.W30JLA310JM010,23,param_testtijd,NoQuantity,NoUoM,NoPrefix,Read
113,NVD CPU.PLC-MMI.W30JLA310JM010,24,param_totaalin,NoQuantity,NoUoM,NoPrefix,Read
113,NVD CPU.PLC-MMI.W30JLA310JM010,25,param_trillingen,NoQuantity,NoUoM,NoPrefix,Read
113,NVD CPU.PLC-MMI.W30JLA310JM010,26,param_trillingnom,NoQuantity,NoUoM,NoPrefix,Read
113,NVD CPU.PLC-MMI.W30JLA310JM010,27,param_uitdraaitijd,NoQuantity,NoUoM,NoPrefix,Read
113,NVD CPU.PLC-MMI.W30JLA310JM010,28,param_urenin,NoQuantity,NoUoM,NoPrefix,Read
113,NVD CPU.PLC-MMI.W30JLA310JM010,29,stat_autobedrijf,NoQuantity,NoUoM,NoPrefix,Read
113,NVD CPU.PLC-MMI.W30JLA310JM010,30,stat_bbeschikbaar,NoQuantity,NoUoM,NoPrefix,Read
113,NVD CPU.PLC-MMI.W30JLA310JM010,31,stat_beschikbaar,NoQuantity,NoUoM,NoPrefix,Read
113,NVD CPU.PLC-MMI.W30JLA310JM010,32,stat_geblokkeerd,NoQuantity,NoUoM,NoPrefix,Read
113,NVD CPU.PLC-MMI.W30JLA310JM010,33,stat_handbedrijf,NoQuantity,NoUoM,NoPrefix,Read
113,NVD CPU.PLC-MMI.W30JLA310JM010,34,stat_hinder,NoQuantity,NoUoM,NoPrefix,Read
113,NVD CPU.PLC-MMI.W30JLA310JM010,35,stat_inlinks,NoQuantity,NoUoM,NoPrefix,Read
113,NVD CPU.PLC-MMI.W30JLA310JM010,36,stat_inrechts,NoQuantity,NoUoM,NoPrefix,Read
113,NVD CPU.PLC-MMI.W30JLA310JM010,37,stat_lokaalbedrijf,NoQuantity,NoUoM,NoPrefix,Read
113,NVD CPU.PLC-MMI.W30JLA310JM010,38,stat_motorstrmonder,NoQuantity,NoUoM,NoPrefix,Read
113,NVD CPU.PLC-MMI.W30JLA310JM010,39,stat_motorstrmover,NoQuantity,NoUoM,NoPrefix,Read
113,NVD CPU.PLC-MMI.W30JLA310JM010,40,stat_nbeschikbaar,NoQuantity,NoUoM,NoPrefix,Read
113,NVD CPU.PLC-MMI.W30JLA310JM010,41,stat_resetuitgev,NoQuantity,NoUoM,NoPrefix,Read
113,NVD CPU.PLC-MMI.W30JLA310JM010,42,stat_terugmldfout,NoQuantity,NoUoM,NoPrefix,Read
113,NVD CPU.PLC-MMI.W30JLA310JM010,43,stat_testactief,NoQuantity,NoUoM,NoPrefix,Read
113,NVD CPU.PLC-MMI.W30JLA310JM010,44,stat_testafgebr,NoQuantity,NoUoM,NoPrefix,Read
113,NVD CPU.PLC-MMI.W30JLA310JM010,45,stat_testgeslaagd,NoQuantity,NoUoM,NoPrefix,Read
113,NVD CPU.PLC-MMI.W30JLA310JM010,46,stat_testngeslaagd,NoQuantity,NoUoM,NoPrefix,Read
113,NVD CPU.PLC-MMI.W30JLA310JM010,47,stat_thermoverb,NoQuantity,NoUoM,NoPrefix,Read
113,NVD CPU.PLC-MMI.W30JLA310JM010,48,stat_trillingover,NoQuantity,NoUoM,NoPrefix,Read
113,NVD CPU.PLC-MMI.W30JLA310JM010,49,stat_uit,NoQuantity,NoUoM,NoPrefix,Read
113,NVD CPU.PLC-MMI.W30JLA310JM010,50,stat_uitdraaitact,NoQuantity,NoUoM,NoPrefix,Read
113,NVD CPU.PLC-MMI.W30JLA310JM010,51,stat_verzstoring,NoQuantity,NoUoM,NoPrefix,Read
113,NVD CPU.PLC-MMI.W30JLA310JM010,52,stat_werksch,NoQuantity,NoUoM,NoPrefix,Read
114,NVD CPU.PLC-MMI.W30JLA311JM011,1,analog_motorsgrens,NoQuantity,NoUoM,NoPrefix,Read
114,NVD CPU.PLC-MMI.W30JLA311JM011,2,analog_motorstr,NoQuantity,NoUoM,NoPrefix,Read
114,NVD CPU.PLC-MMI.W30JLA311JM011,3,analog_stroomnom,NoQuantity,NoUoM,NoPrefix,Read
114,NVD CPU.PLC-MMI.W30JLA311JM011,4,analog_terugmfout,NoQuantity,NoUoM,NoPrefix,Read
114,NVD CPU.PLC-MMI.W30JLA311JM011,5,analog_testtijd,NoQuantity,NoUoM,NoPrefix,Read
114,NVD CPU.PLC-MMI.W30JLA311JM011,6,analog_totaalin,NoQuantity,NoUoM,NoPrefix,Read
114,NVD CPU.PLC-MMI.W30JLA311JM011,7,analog_trilling,NoQuantity,NoUoM,NoPrefix,Read
114,NVD CPU.PLC-MMI.W30JLA311JM011,8,analog_trillinggrens,NoQuantity,NoUoM,NoPrefix,Read
114,NVD CPU.PLC-MMI.W30JLA311JM011,9,analog_trillingnom,NoQuantity,NoUoM,NoPrefix,Read
114,NVD CPU.PLC-MMI.W30JLA311JM011,10,analog_uitdraaitijd,NoQuantity,NoUoM,NoPrefix,Read
114,NVD CPU.PLC-MMI.W30JLA311JM011,11,analog_urenin,NoQuantity,NoUoM,NoPrefix,Read
114,NVD CPU.PLC-MMI.W30JLA311JM011,12,bedien_auto,NoQuantity,NoUoM,NoPrefix,Read
114,NVD CPU.PLC-MMI.W30JLA311JM011,13,bedien_blokkeer,NoQuantity,NoUoM,NoPrefix,Read
114,NVD CPU.PLC-MMI.W30JLA311JM011,14,bedien_hand,NoQuantity,NoUoM,NoPrefix,Read
114,NVD CPU.PLC-MMI.W30JLA311JM011,15,bedien_hinder,NoQuantity,NoUoM,NoPrefix,Read
114,NVD CPU.PLC-MMI.W30JLA311JM011,16,bedien_links,NoQuantity,NoUoM,NoPrefix,Read
114,NVD CPU.PLC-MMI.W30JLA311JM011,17,bedien_rechts,NoQuantity,NoUoM,NoPrefix,Read
114,NVD CPU.PLC-MMI.W30JLA311JM011,18,bedien_reset,NoQuantity,NoUoM,NoPrefix,Read
114,NVD CPU.PLC-MMI.W30JLA311JM011,19,bedien_uit,NoQuantity,NoUoM,NoPrefix,Read
114,NVD CPU.PLC-MMI.W30JLA311JM011,20,param_motorstroom,NoQuantity,NoUoM,NoPrefix,Read
114,NVD CPU.PLC-MMI.W30JLA311JM011,21,param_stroomnom,NoQuantity,NoUoM,NoPrefix,Read
114,NVD CPU.PLC-MMI.W30JLA311JM011,22,param_terugmfout,NoQuantity,NoUoM,NoPrefix,Read
114,NVD CPU.PLC-MMI.W30JLA311JM011,23,param_testtijd,NoQuantity,NoUoM,NoPrefix,Read
114,NVD CPU.PLC-MMI.W30JLA311JM011,24,param_totaalin,NoQuantity,NoUoM,NoPrefix,Read
114,NVD CPU.PLC-MMI.W30JLA311JM011,25,param_trillingen,NoQuantity,NoUoM,NoPrefix,Read
114,NVD CPU.PLC-MMI.W30JLA311JM011,26,param_trillingnom,NoQuantity,NoUoM,NoPrefix,Read
114,NVD CPU.PLC-MMI.W30JLA311JM011,27,param_uitdraaitijd,NoQuantity,NoUoM,NoPrefix,Read
114,NVD CPU.PLC-MMI.W30JLA311JM011,28,param_urenin,NoQuantity,NoUoM,NoPrefix,Read
114,NVD CPU.PLC-MMI.W30JLA311JM011,29,stat_autobedrijf,NoQuantity,NoUoM,NoPrefix,Read
114,NVD CPU.PLC-MMI.W30JLA311JM011,30,stat_bbeschikbaar,NoQuantity,NoUoM,NoPrefix,Read
114,NVD CPU.PLC-MMI.W30JLA311JM011,31,stat_beschikbaar,NoQuantity,NoUoM,NoPrefix,Read
114,NVD CPU.PLC-MMI.W30JLA311JM011,32,stat_geblokkeerd,NoQuantity,NoUoM,NoPrefix,Read
114,NVD CPU.PLC-MMI.W30JLA311JM011,33,stat_handbedrijf,NoQuantity,NoUoM,NoPrefix,Read
114,NVD CPU.PLC-MMI.W30JLA311JM011,34,stat_hinder,NoQuantity,NoUoM,NoPrefix,Read
114,NVD CPU.PLC-MMI.W30JLA311JM011,35,stat_inlinks,NoQuantity,NoUoM,NoPrefix,Read
114,NVD CPU.PLC-MMI.W30JLA311JM011,36,stat_inrechts,NoQuantity,NoUoM,NoPrefix,Read
114,NVD CPU.PLC-MMI.W30JLA311JM011,37,stat_lokaalbedrijf,NoQuantity,NoUoM,NoPrefix,Read
114,NVD CPU.PLC-MMI.W30JLA311JM011,38,stat_motorstrmonder,NoQuantity,NoUoM,NoPrefix,Read
114,NVD CPU.PLC-MMI.W30JLA311JM011,39,stat_motorstrmover,NoQuantity,NoUoM,NoPrefix,Read
114,NVD CPU.PLC-MMI.W30JLA311JM011,40,stat_nbeschikbaar,NoQuantity,NoUoM,NoPrefix,Read
114,NVD CPU.PLC-MMI.W30JLA311JM011,41,stat_resetuitgev,NoQuantity,NoUoM,NoPrefix,Read
114,NVD CPU.PLC-MMI.W30JLA311JM011,42,stat_terugmldfout,NoQuantity,NoUoM,NoPrefix,Read
114,NVD CPU.PLC-MMI.W30JLA311JM011,43,stat_testactief,NoQuantity,NoUoM,NoPrefix,Read
114,NVD CPU.PLC-MMI.W30JLA311JM011,44,stat_testafgebr,NoQuantity,NoUoM,NoPrefix,Read
114,NVD CPU.PLC-MMI.W30JLA311JM011,45,stat_testgeslaagd,NoQuantity,NoUoM,NoPrefix,Read
114,NVD CPU.PLC-MMI.W30JLA311JM011,46,stat_testngeslaagd,NoQuantity,NoUoM,NoPrefix,Read
114,NVD CPU.PLC-MMI.W30JLA311JM011,47,stat_thermoverb,NoQuantity,NoUoM,NoPrefix,Read
114,NVD CPU.PLC-MMI.W30JLA311JM011,48,stat_trillingover,NoQuantity,NoUoM,NoPrefix,Read
114,NVD CPU.PLC-MMI.W30JLA311JM011,49,stat_uit,NoQuantity,NoUoM,NoPrefix,Read
114,NVD CPU.PLC-MMI.W30JLA311JM011,50,stat_uitdraaitact,NoQuantity,NoUoM,NoPrefix,Read
114,NVD CPU.PLC-MMI.W30JLA311JM011,51,stat_verzstoring,NoQuantity,NoUoM,NoPrefix,Read
114,NVD CPU.PLC-MMI.W30JLA311JM011,52,stat_werksch,NoQuantity,NoUoM,NoPrefix,Read
115,NVD CPU.PLC-MMI.W30JLA312JM012,1,analog_motorsgrens,NoQuantity,NoUoM,NoPrefix,Read
115,NVD CPU.PLC-MMI.W30JLA312JM012,2,analog_motorstr,NoQuantity,NoUoM,NoPrefix,Read
115,NVD CPU.PLC-MMI.W30JLA312JM012,3,analog_stroomnom,NoQuantity,NoUoM,NoPrefix,Read
115,NVD CPU.PLC-MMI.W30JLA312JM012,4,analog_terugmfout,NoQuantity,NoUoM,NoPrefix,Read
115,NVD CPU.PLC-MMI.W30JLA312JM012,5,analog_testtijd,NoQuantity,NoUoM,NoPrefix,Read
115,NVD CPU.PLC-MMI.W30JLA312JM012,6,analog_totaalin,NoQuantity,NoUoM,NoPrefix,Read
115,NVD CPU.PLC-MMI.W30JLA312JM012,7,analog_trilling,NoQuantity,NoUoM,NoPrefix,Read
115,NVD CPU.PLC-MMI.W30JLA312JM012,8,analog_trillinggrens,NoQuantity,NoUoM,NoPrefix,Read
115,NVD CPU.PLC-MMI.W30JLA312JM012,9,analog_trillingnom,NoQuantity,NoUoM,NoPrefix,Read
115,NVD CPU.PLC-MMI.W30JLA312JM012,10,analog_uitdraaitijd,NoQuantity,NoUoM,NoPrefix,Read
115,NVD CPU.PLC-MMI.W30JLA312JM012,11,analog_urenin,NoQuantity,NoUoM,NoPrefix,Read
115,NVD CPU.PLC-MMI.W30JLA312JM012,12,bedien_auto,NoQuantity,NoUoM,NoPrefix,Read
115,NVD CPU.PLC-MMI.W30JLA312JM012,13,bedien_blokkeer,NoQuantity,NoUoM,NoPrefix,Read
115,NVD CPU.PLC-MMI.W30JLA312JM012,14,bedien_hand,NoQuantity,NoUoM,NoPrefix,Read
115,NVD CPU.PLC-MMI.W30JLA312JM012,15,bedien_hinder,NoQuantity,NoUoM,NoPrefix,Read
115,NVD CPU.PLC-MMI.W30JLA312JM012,16,bedien_links,NoQuantity,NoUoM,NoPrefix,Read
115,NVD CPU.PLC-MMI.W30JLA312JM012,17,bedien_rechts,NoQuantity,NoUoM,NoPrefix,Read
115,NVD CPU.PLC-MMI.W30JLA312JM012,18,bedien_reset,NoQuantity,NoUoM,NoPrefix,Read
115,NVD CPU.PLC-MMI.W30JLA312JM012,19,bedien_uit,NoQuantity,NoUoM,NoPrefix,Read
115,NVD CPU.PLC-MMI.W30JLA312JM012,20,param_motorstroom,NoQuantity,NoUoM,NoPrefix,Read
115,NVD CPU.PLC-MMI.W30JLA312JM012,21,param_stroomnom,NoQuantity,NoUoM,NoPrefix,Read
115,NVD CPU.PLC-MMI.W30JLA312JM012,22,param_terugmfout,NoQuantity,NoUoM,NoPrefix,Read
115,NVD CPU.PLC-MMI.W30JLA312JM012,23,param_testtijd,NoQuantity,NoUoM,NoPrefix,Read
115,NVD CPU.PLC-MMI.W30JLA312JM012,24,param_totaalin,NoQuantity,NoUoM,NoPrefix,Read
115,NVD CPU.PLC-MMI.W30JLA312JM012,25,param_trillingen,NoQuantity,NoUoM,NoPrefix,Read
115,NVD CPU.PLC-MMI.W30JLA312JM012,26,param_trillingnom,NoQuantity,NoUoM,NoPrefix,Read
115,NVD CPU.PLC-MMI.W30JLA312JM012,27,param_uitdraaitijd,NoQuantity,NoUoM,NoPrefix,Read
115,NVD CPU.PLC-MMI.W30JLA312JM012,28,param_urenin,NoQuantity,NoUoM,NoPrefix,Read
115,NVD CPU.PLC-MMI.W30JLA312JM012,29,stat_autobedrijf,NoQuantity,NoUoM,NoPrefix,Read
115,NVD CPU.PLC-MMI.W30JLA312JM012,30,stat_bbeschikbaar,NoQuantity,NoUoM,NoPrefix,Read
115,NVD CPU.PLC-MMI.W30JLA312JM012,31,stat_beschikbaar,NoQuantity,NoUoM,NoPrefix,Read
115,NVD CPU.PLC-MMI.W30JLA312JM012,32,stat_geblokkeerd,NoQuantity,NoUoM,NoPrefix,Read
115,NVD CPU.PLC-MMI.W30JLA312JM012,33,stat_handbedrijf,NoQuantity,NoUoM,NoPrefix,Read
115,NVD CPU.PLC-MMI.W30JLA312JM012,34,stat_hinder,NoQuantity,NoUoM,NoPrefix,Read
115,NVD CPU.PLC-MMI.W30JLA312JM012,35,stat_inlinks,NoQuantity,NoUoM,NoPrefix,Read
115,NVD CPU.PLC-MMI.W30JLA312JM012,36,stat_inrechts,NoQuantity,NoUoM,NoPrefix,Read
115,NVD CPU.PLC-MMI.W30JLA312JM012,37,stat_lokaalbedrijf,NoQuantity,NoUoM,NoPrefix,Read
115,NVD CPU.PLC-MMI.W30JLA312JM012,38,stat_motorstrmonder,NoQuantity,NoUoM,NoPrefix,Read
115,NVD CPU.PLC-MMI.W30JLA312JM012,39,stat_motorstrmover,NoQuantity,NoUoM,NoPrefix,Read
115,NVD CPU.PLC-MMI.W30JLA312JM012,40,stat_nbeschikbaar,NoQuantity,NoUoM,NoPrefix,Read
115,NVD CPU.PLC-MMI.W30JLA312JM012,41,stat_resetuitgev,NoQuantity,NoUoM,NoPrefix,Read
115,NVD CPU.PLC-MMI.W30JLA312JM012,42,stat_terugmldfout,NoQuantity,NoUoM,NoPrefix,Read
115,NVD CPU.PLC-MMI.W30JLA312JM012,43,stat_testactief,NoQuantity,NoUoM,NoPrefix,Read
115,NVD CPU.PLC-MMI.W30JLA312JM012,44,stat_testafgebr,NoQuantity,NoUoM,NoPrefix,Read
115,NVD CPU.PLC-MMI.W30JLA312JM012,45,stat_testgeslaagd,NoQuantity,NoUoM,NoPrefix,Read
115,NVD CPU.PLC-MMI.W30JLA312JM012,46,stat_testngeslaagd,NoQuantity,NoUoM,NoPrefix,Read
115,NVD CPU.PLC-MMI.W30JLA312JM012,47,stat_thermoverb,NoQuantity,NoUoM,NoPrefix,Read
115,NVD CPU.PLC-MMI.W30JLA312JM012,48,stat_trillingover,NoQuantity,NoUoM,NoPrefix,Read
115,NVD CPU.PLC-MMI.W30JLA312JM012,49,stat_uit,NoQuantity,NoUoM,NoPrefix,Read
115,NVD CPU.PLC-MMI.W30JLA312JM012,50,stat_uitdraaitact,NoQuantity,NoUoM,NoPrefix,Read
115,NVD CPU.PLC-MMI.W30JLA312JM012,51,stat_verzstoring,NoQuantity,NoUoM,NoPrefix,Read
115,NVD CPU.PLC-MMI.W30JLA312JM012,52,stat_werksch,NoQuantity,NoUoM,NoPrefix,Read
116,NVD CPU.PLC-MMI.W30JLA313JM013,1,analog_motorsgrens,NoQuantity,NoUoM,NoPrefix,Read
116,NVD CPU.PLC-MMI.W30JLA313JM013,2,analog_motorstr,NoQuantity,NoUoM,NoPrefix,Read
116,NVD CPU.PLC-MMI.W30JLA313JM013,3,analog_stroomnom,NoQuantity,NoUoM,NoPrefix,Read
116,NVD CPU.PLC-MMI.W30JLA313JM013,4,analog_terugmfout,NoQuantity,NoUoM,NoPrefix,Read
116,NVD CPU.PLC-MMI.W30JLA313JM013,5,analog_testtijd,NoQuantity,NoUoM,NoPrefix,Read
116,NVD CPU.PLC-MMI.W30JLA313JM013,6,analog_totaalin,NoQuantity,NoUoM,NoPrefix,Read
116,NVD CPU.PLC-MMI.W30JLA313JM013,7,analog_trilling,NoQuantity,NoUoM,NoPrefix,Read
116,NVD CPU.PLC-MMI.W30JLA313JM013,8,analog_trillinggrens,NoQuantity,NoUoM,NoPrefix,Read
116,NVD CPU.PLC-MMI.W30JLA313JM013,9,analog_trillingnom,NoQuantity,NoUoM,NoPrefix,Read
116,NVD CPU.PLC-MMI.W30JLA313JM013,10,analog_uitdraaitijd,NoQuantity,NoUoM,NoPrefix,Read
116,NVD CPU.PLC-MMI.W30JLA313JM013,11,analog_urenin,NoQuantity,NoUoM,NoPrefix,Read
116,NVD CPU.PLC-MMI.W30JLA313JM013,12,bedien_auto,NoQuantity,NoUoM,NoPrefix,Read
116,NVD CPU.PLC-MMI.W30JLA313JM013,13,bedien_blokkeer,NoQuantity,NoUoM,NoPrefix,Read
116,NVD CPU.PLC-MMI.W30JLA313JM013,14,bedien_hand,NoQuantity,NoUoM,NoPrefix,Read
116,NVD CPU.PLC-MMI.W30JLA313JM013,15,bedien_hinder,NoQuantity,NoUoM,NoPrefix,Read
116,NVD CPU.PLC-MMI.W30JLA313JM013,16,bedien_links,NoQuantity,NoUoM,NoPrefix,Read
116,NVD CPU.PLC-MMI.W30JLA313JM013,17,bedien_rechts,NoQuantity,NoUoM,NoPrefix,Read
116,NVD CPU.PLC-MMI.W30JLA313JM013,18,bedien_reset,NoQuantity,NoUoM,NoPrefix,Read
116,NVD CPU.PLC-MMI.W30JLA313JM013,19,bedien_uit,NoQuantity,NoUoM,NoPrefix,Read
116,NVD CPU.PLC-MMI.W30JLA313JM013,20,param_motorstroom,NoQuantity,NoUoM,NoPrefix,Read
116,NVD CPU.PLC-MMI.W30JLA313JM013,21,param_stroomnom,NoQuantity,NoUoM,NoPrefix,Read
116,NVD CPU.PLC-MMI.W30JLA313JM013,22,param_terugmfout,NoQuantity,NoUoM,NoPrefix,Read
116,NVD CPU.PLC-MMI.W30JLA313JM013,23,param_testtijd,NoQuantity,NoUoM,NoPrefix,Read
116,NVD CPU.PLC-MMI.W30JLA313JM013,24,param_totaalin,NoQuantity,NoUoM,NoPrefix,Read
116,NVD CPU.PLC-MMI.W30JLA313JM013,25,param_trillingen,NoQuantity,NoUoM,NoPrefix,Read
116,NVD CPU.PLC-MMI.W30JLA313JM013,26,param_trillingnom,NoQuantity,NoUoM,NoPrefix,Read
116,NVD CPU.PLC-MMI.W30JLA313JM013,27,param_uitdraaitijd,NoQuantity,NoUoM,NoPrefix,Read
116,NVD CPU.PLC-MMI.W30JLA313JM013,28,param_urenin,NoQuantity,NoUoM,NoPrefix,Read
116,NVD CPU.PLC-MMI.W30JLA313JM013,29,stat_autobedrijf,NoQuantity,NoUoM,NoPrefix,Read
116,NVD CPU.PLC-MMI.W30JLA313JM013,30,stat_bbeschikbaar,NoQuantity,NoUoM,NoPrefix,Read
116,NVD CPU.PLC-MMI.W30JLA313JM013,31,stat_beschikbaar,NoQuantity,NoUoM,NoPrefix,Read
116,NVD CPU.PLC-MMI.W30JLA313JM013,32,stat_geblokkeerd,NoQuantity,NoUoM,NoPrefix,Read
116,NVD CPU.PLC-MMI.W30JLA313JM013,33,stat_handbedrijf,NoQuantity,NoUoM,NoPrefix,Read
116,NVD CPU.PLC-MMI.W30JLA313JM013,34,stat_hinder,NoQuantity,NoUoM,NoPrefix,Read
116,NVD CPU.PLC-MMI.W30JLA313JM013,35,stat_inlinks,NoQuantity,NoUoM,NoPrefix,Read
116,NVD CPU.PLC-MMI.W30JLA313JM013,36,stat_inrechts,NoQuantity,NoUoM,NoPrefix,Read
116,NVD CPU.PLC-MMI.W30JLA313JM013,37,stat_lokaalbedrijf,NoQuantity,NoUoM,NoPrefix,Read
116,NVD CPU.PLC-MMI.W30JLA313JM013,38,stat_motorstrmonder,NoQuantity,NoUoM,NoPrefix,Read
116,NVD CPU.PLC-MMI.W30JLA313JM013,39,stat_motorstrmover,NoQuantity,NoUoM,NoPrefix,Read
116,NVD CPU.PLC-MMI.W30JLA313JM013,40,stat_nbeschikbaar,NoQuantity,NoUoM,NoPrefix,Read
116,NVD CPU.PLC-MMI.W30JLA313JM013,41,stat_resetuitgev,NoQuantity,NoUoM,NoPrefix,Read
116,NVD CPU.PLC-MMI.W30JLA313JM013,42,stat_terugmldfout,NoQuantity,NoUoM,NoPrefix,Read
116,NVD CPU.PLC-MMI.W30JLA313JM013,43,stat_testactief,NoQuantity,NoUoM,NoPrefix,Read
116,NVD CPU.PLC-MMI.W30JLA313JM013,44,stat_testafgebr,NoQuantity,NoUoM,NoPrefix,Read
116,NVD CPU.PLC-MMI.W30JLA313JM013,45,stat_testgeslaagd,NoQuantity,NoUoM,NoPrefix,Read
116,NVD CPU.PLC-MMI.W30JLA313JM013,46,stat_testngeslaagd,NoQuantity,NoUoM,NoPrefix,Read
116,NVD CPU.PLC-MMI.W30JLA313JM013,47,stat_thermoverb,NoQuantity,NoUoM,NoPrefix,Read
116,NVD CPU.PLC-MMI.W30JLA313JM013,48,stat_trillingover,NoQuantity,NoUoM,NoPrefix,Read
116,NVD CPU.PLC-MMI.W30JLA313JM013,49,stat_uit,NoQuantity,NoUoM,NoPrefix,Read
116,NVD CPU.PLC-MMI.W30JLA313JM013,50,stat_uitdraaitact,NoQuantity,NoUoM,NoPrefix,Read
116,NVD CPU.PLC-MMI.W30JLA313JM013,51,stat_verzstoring,NoQuantity,NoUoM,NoPrefix,Read
116,NVD CPU.PLC-MMI.W30JLA313JM013,52,stat_werksch,NoQuantity,NoUoM,NoPrefix,Read
117,NVD CPU.PLC-MMI.W30JLA314JM014,1,analog_motorsgrens,NoQuantity,NoUoM,NoPrefix,Read
117,NVD CPU.PLC-MMI.W30JLA314JM014,2,analog_motorstr,NoQuantity,NoUoM,NoPrefix,Read
117,NVD CPU.PLC-MMI.W30JLA314JM014,3,analog_stroomnom,NoQuantity,NoUoM,NoPrefix,Read
117,NVD CPU.PLC-MMI.W30JLA314JM014,4,analog_terugmfout,NoQuantity,NoUoM,NoPrefix,Read
117,NVD CPU.PLC-MMI.W30JLA314JM014,5,analog_testtijd,NoQuantity,NoUoM,NoPrefix,Read
117,NVD CPU.PLC-MMI.W30JLA314JM014,6,analog_totaalin,NoQuantity,NoUoM,NoPrefix,Read
117,NVD CPU.PLC-MMI.W30JLA314JM014,7,analog_trilling,NoQuantity,NoUoM,NoPrefix,Read
117,NVD CPU.PLC-MMI.W30JLA314JM014,8,analog_trillinggrens,NoQuantity,NoUoM,NoPrefix,Read
117,NVD CPU.PLC-MMI.W30JLA314JM014,9,analog_trillingnom,NoQuantity,NoUoM,NoPrefix,Read
117,NVD CPU.PLC-MMI.W30JLA314JM014,10,analog_uitdraaitijd,NoQuantity,NoUoM,NoPrefix,Read
117,NVD CPU.PLC-MMI.W30JLA314JM014,11,analog_urenin,NoQuantity,NoUoM,NoPrefix,Read
117,NVD CPU.PLC-MMI.W30JLA314JM014,12,bedien_auto,NoQuantity,NoUoM,NoPrefix,Read
117,NVD CPU.PLC-MMI.W30JLA314JM014,13,bedien_blokkeer,NoQuantity,NoUoM,NoPrefix,Read
117,NVD CPU.PLC-MMI.W30JLA314JM014,14,bedien_hand,NoQuantity,NoUoM,NoPrefix,Read
117,NVD CPU.PLC-MMI.W30JLA314JM014,15,bedien_hinder,NoQuantity,NoUoM,NoPrefix,Read
117,NVD CPU.PLC-MMI.W30JLA314JM014,16,bedien_links,NoQuantity,NoUoM,NoPrefix,Read
117,NVD CPU.PLC-MMI.W30JLA314JM014,17,bedien_rechts,NoQuantity,NoUoM,NoPrefix,Read
117,NVD CPU.PLC-MMI.W30JLA314JM014,18,bedien_reset,NoQuantity,NoUoM,NoPrefix,Read
117,NVD CPU.PLC-MMI.W30JLA314JM014,19,bedien_uit,NoQuantity,NoUoM,NoPrefix,Read
117,NVD CPU.PLC-MMI.W30JLA314JM014,20,param_motorstroom,NoQuantity,NoUoM,NoPrefix,Read
117,NVD CPU.PLC-MMI.W30JLA314JM014,21,param_stroomnom,NoQuantity,NoUoM,NoPrefix,Read
117,NVD CPU.PLC-MMI.W30JLA314JM014,22,param_terugmfout,NoQuantity,NoUoM,NoPrefix,Read
117,NVD CPU.PLC-MMI.W30JLA314JM014,23,param_testtijd,NoQuantity,NoUoM,NoPrefix,Read
117,NVD CPU.PLC-MMI.W30JLA314JM014,24,param_totaalin,NoQuantity,NoUoM,NoPrefix,Read
117,NVD CPU.PLC-MMI.W30JLA314JM014,25,param_trillingen,NoQuantity,NoUoM,NoPrefix,Read
117,NVD CPU.PLC-MMI.W30JLA314JM014,26,param_trillingnom,NoQuantity,NoUoM,NoPrefix,Read
117,NVD CPU.PLC-MMI.W30JLA314JM014,27,param_uitdraaitijd,NoQuantity,NoUoM,NoPrefix,Read
117,NVD CPU.PLC-MMI.W30JLA314JM014,28,param_urenin,NoQuantity,NoUoM,NoPrefix,Read
117,NVD CPU.PLC-MMI.W30JLA314JM014,29,stat_autobedrijf,NoQuantity,NoUoM,NoPrefix,Read
117,NVD CPU.PLC-MMI.W30JLA314JM014,30,stat_bbeschikbaar,NoQuantity,NoUoM,NoPrefix,Read
117,NVD CPU.PLC-MMI.W30JLA314JM014,31,stat_beschikbaar,NoQuantity,NoUoM,NoPrefix,Read
117,NVD CPU.PLC-MMI.W30JLA314JM014,32,stat_geblokkeerd,NoQuantity,NoUoM,NoPrefix,Read
117,NVD CPU.PLC-MMI.W30JLA314JM014,33,stat_handbedrijf,NoQuantity,NoUoM,NoPrefix,Read
117,NVD CPU.PLC-MMI.W30JLA314JM014,34,stat_hinder,NoQuantity,NoUoM,NoPrefix,Read
117,NVD CPU.PLC-MMI.W30JLA314JM014,35,stat_inlinks,NoQuantity,NoUoM,NoPrefix,Read
117,NVD CPU.PLC-MMI.W30JLA314JM014,36,stat_inrechts,NoQuantity,NoUoM,NoPrefix,Read
117,NVD CPU.PLC-MMI.W30JLA314JM014,37,stat_lokaalbedrijf,NoQuantity,NoUoM,NoPrefix,Read
117,NVD CPU.PLC-MMI.W30JLA314JM014,38,stat_motorstrmonder,NoQuantity,NoUoM,NoPrefix,Read
117,NVD CPU.PLC-MMI.W30JLA314JM014,39,stat_motorstrmover,NoQuantity,NoUoM,NoPrefix,Read
117,NVD CPU.PLC-MMI.W30JLA314JM014,40,stat_nbeschikbaar,NoQuantity,NoUoM,NoPrefix,Read
117,NVD CPU.PLC-MMI.W30JLA314JM014,41,stat_resetuitgev,NoQuantity,NoUoM,NoPrefix,Read
117,NVD CPU.PLC-MMI.W30JLA314JM014,42,stat_terugmldfout,NoQuantity,NoUoM,NoPrefix,Read
117,NVD CPU.PLC-MMI.W30JLA314JM014,43,stat_testactief,NoQuantity,NoUoM,NoPrefix,Read
117,NVD CPU.PLC-MMI.W30JLA314JM014,44,stat_testafgebr,NoQuantity,NoUoM,NoPrefix,Read
117,NVD CPU.PLC-MMI.W30JLA314JM014,45,stat_testgeslaagd,NoQuantity,NoUoM,NoPrefix,Read
117,NVD CPU.PLC-MMI.W30JLA314JM014,46,stat_testngeslaagd,NoQuantity,NoUoM,NoPrefix,Read
117,NVD CPU.PLC-MMI.W30JLA314JM014,47,stat_thermoverb,NoQuantity,NoUoM,NoPrefix,Read
117,NVD CPU.PLC-MMI.W30JLA314JM014,48,stat_trillingover,NoQuantity,NoUoM,NoPrefix,Read
117,NVD CPU.PLC-MMI.W30JLA314JM014,49,stat_uit,NoQuantity,NoUoM,NoPrefix,Read
117,NVD CPU.PLC-MMI.W30JLA314JM014,50,stat_uitdraaitact,NoQuantity,NoUoM,NoPrefix,Read
117,NVD CPU.PLC-MMI.W30JLA314JM014,51,stat_verzstoring,NoQuantity,NoUoM,NoPrefix,Read
117,NVD CPU.PLC-MMI.W30JLA314JM014,52,stat_werksch,NoQuantity,NoUoM,NoPrefix,Read
118,NVD CPU.PLC-MMI.W30JLA315JM015,1,analog_motorsgrens,NoQuantity,NoUoM,NoPrefix,Read
118,NVD CPU.PLC-MMI.W30JLA315JM015,2,analog_motorstr,NoQuantity,NoUoM,NoPrefix,Read
118,NVD CPU.PLC-MMI.W30JLA315JM015,3,analog_stroomnom,NoQuantity,NoUoM,NoPrefix,Read
118,NVD CPU.PLC-MMI.W30JLA315JM015,4,analog_terugmfout,NoQuantity,NoUoM,NoPrefix,Read
118,NVD CPU.PLC-MMI.W30JLA315JM015,5,analog_testtijd,NoQuantity,NoUoM,NoPrefix,Read
118,NVD CPU.PLC-MMI.W30JLA315JM015,6,analog_totaalin,NoQuantity,NoUoM,NoPrefix,Read
118,NVD CPU.PLC-MMI.W30JLA315JM015,7,analog_trilling,NoQuantity,NoUoM,NoPrefix,Read
118,NVD CPU.PLC-MMI.W30JLA315JM015,8,analog_trillinggrens,NoQuantity,NoUoM,NoPrefix,Read
118,NVD CPU.PLC-MMI.W30JLA315JM015,9,analog_trillingnom,NoQuantity,NoUoM,NoPrefix,Read
118,NVD CPU.PLC-MMI.W30JLA315JM015,10,analog_uitdraaitijd,NoQuantity,NoUoM,NoPrefix,Read
118,NVD CPU.PLC-MMI.W30JLA315JM015,11,analog_urenin,NoQuantity,NoUoM,NoPrefix,Read
118,NVD CPU.PLC-MMI.W30JLA315JM015,12,bedien_auto,NoQuantity,NoUoM,NoPrefix,Read
118,NVD CPU.PLC-MMI.W30JLA315JM015,13,bedien_blokkeer,NoQuantity,NoUoM,NoPrefix,Read
118,NVD CPU.PLC-MMI.W30JLA315JM015,14,bedien_hand,NoQuantity,NoUoM,NoPrefix,Read
118,NVD CPU.PLC-MMI.W30JLA315JM015,15,bedien_hinder,NoQuantity,NoUoM,NoPrefix,Read
118,NVD CPU.PLC-MMI.W30JLA315JM015,16,bedien_links,NoQuantity,NoUoM,NoPrefix,Read
118,NVD CPU.PLC-MMI.W30JLA315JM015,17,bedien_rechts,NoQuantity,NoUoM,NoPrefix,Read
118,NVD CPU.PLC-MMI.W30JLA315JM015,18,bedien_reset,NoQuantity,NoUoM,NoPrefix,Read
118,NVD CPU.PLC-MMI.W30JLA315JM015,19,bedien_uit,NoQuantity,NoUoM,NoPrefix,Read
118,NVD CPU.PLC-MMI.W30JLA315JM015,20,param_motorstroom,NoQuantity,NoUoM,NoPrefix,Read
118,NVD CPU.PLC-MMI.W30JLA315JM015,21,param_stroomnom,NoQuantity,NoUoM,NoPrefix,Read
118,NVD CPU.PLC-MMI.W30JLA315JM015,22,param_terugmfout,NoQuantity,NoUoM,NoPrefix,Read
118,NVD CPU.PLC-MMI.W30JLA315JM015,23,param_testtijd,NoQuantity,NoUoM,NoPrefix,Read
118,NVD CPU.PLC-MMI.W30JLA315JM015,24,param_totaalin,NoQuantity,NoUoM,NoPrefix,Read
118,NVD CPU.PLC-MMI.W30JLA315JM015,25,param_trillingen,NoQuantity,NoUoM,NoPrefix,Read
118,NVD CPU.PLC-MMI.W30JLA315JM015,26,param_trillingnom,NoQuantity,NoUoM,NoPrefix,Read
118,NVD CPU.PLC-MMI.W30JLA315JM015,27,param_uitdraaitijd,NoQuantity,NoUoM,NoPrefix,Read
118,NVD CPU.PLC-MMI.W30JLA315JM015,28,param_urenin,NoQuantity,NoUoM,NoPrefix,Read
118,NVD CPU.PLC-MMI.W30JLA315JM015,29,stat_autobedrijf,NoQuantity,NoUoM,NoPrefix,Read
118,NVD CPU.PLC-MMI.W30JLA315JM015,30,stat_bbeschikbaar,NoQuantity,NoUoM,NoPrefix,Read
118,NVD CPU.PLC-MMI.W30JLA315JM015,31,stat_beschikbaar,NoQuantity,NoUoM,NoPrefix,Read
118,NVD CPU.PLC-MMI.W30JLA315JM015,32,stat_geblokkeerd,NoQuantity,NoUoM,NoPrefix,Read
118,NVD CPU.PLC-MMI.W30JLA315JM015,33,stat_handbedrijf,NoQuantity,NoUoM,NoPrefix,Read
118,NVD CPU.PLC-MMI.W30JLA315JM015,34,stat_hinder,NoQuantity,NoUoM,NoPrefix,Read
118,NVD CPU.PLC-MMI.W30JLA315JM015,35,stat_inlinks,NoQuantity,NoUoM,NoPrefix,Read
118,NVD CPU.PLC-MMI.W30JLA315JM015,36,stat_inrechts,NoQuantity,NoUoM,NoPrefix,Read
118,NVD CPU.PLC-MMI.W30JLA315JM015,37,stat_lokaalbedrijf,NoQuantity,NoUoM,NoPrefix,Read
118,NVD CPU.PLC-MMI.W30JLA315JM015,38,stat_motorstrmonder,NoQuantity,NoUoM,NoPrefix,Read
118,NVD CPU.PLC-MMI.W30JLA315JM015,39,stat_motorstrmover,NoQuantity,NoUoM,NoPrefix,Read
118,NVD CPU.PLC-MMI.W30JLA315JM015,40,stat_nbeschikbaar,NoQuantity,NoUoM,NoPrefix,Read
118,NVD CPU.PLC-MMI.W30JLA315JM015,41,stat_resetuitgev,NoQuantity,NoUoM,NoPrefix,Read
118,NVD CPU.PLC-MMI.W30JLA315JM015,42,stat_terugmldfout,NoQuantity,NoUoM,NoPrefix,Read
118,NVD CPU.PLC-MMI.W30JLA315JM015,43,stat_testactief,NoQuantity,NoUoM,NoPrefix,Read
118,NVD CPU.PLC-MMI.W30JLA315JM015,44,stat_testafgebr,NoQuantity,NoUoM,NoPrefix,Read
118,NVD CPU.PLC-MMI.W30JLA315JM015,45,stat_testgeslaagd,NoQuantity,NoUoM,NoPrefix,Read
118,NVD CPU.PLC-MMI.W30JLA315JM015,46,stat_testngeslaagd,NoQuantity,NoUoM,NoPrefix,Read
118,NVD CPU.PLC-MMI.W30JLA315JM015,47,stat_thermoverb,NoQuantity,NoUoM,NoPrefix,Read
118,NVD CPU.PLC-MMI.W30JLA315JM015,48,stat_trillingover,NoQuantity,NoUoM,NoPrefix,Read
118,NVD CPU.PLC-MMI.W30JLA315JM015,49,stat_uit,NoQuantity,NoUoM,NoPrefix,Read
118,NVD CPU.PLC-MMI.W30JLA315JM015,50,stat_uitdraaitact,NoQuantity,NoUoM,NoPrefix,Read
118,NVD CPU.PLC-MMI.W30JLA315JM015,51,stat_verzstoring,NoQuantity,NoUoM,NoPrefix,Read
118,NVD CPU.PLC-MMI.W30JLA315JM015,52,stat_werksch,NoQuantity,NoUoM,NoPrefix,Read
119,NVD CPU.PLC-MMI.W30JLA316JM016,1,analog_motorsgrens,NoQuantity,NoUoM,NoPrefix,Read
119,NVD CPU.PLC-MMI.W30JLA316JM016,2,analog_motorstr,NoQuantity,NoUoM,NoPrefix,Read
119,NVD CPU.PLC-MMI.W30JLA316JM016,3,analog_stroomnom,NoQuantity,NoUoM,NoPrefix,Read
119,NVD CPU.PLC-MMI.W30JLA316JM016,4,analog_terugmfout,NoQuantity,NoUoM,NoPrefix,Read
119,NVD CPU.PLC-MMI.W30JLA316JM016,5,analog_testtijd,NoQuantity,NoUoM,NoPrefix,Read
119,NVD CPU.PLC-MMI.W30JLA316JM016,6,analog_totaalin,NoQuantity,NoUoM,NoPrefix,Read
119,NVD CPU.PLC-MMI.W30JLA316JM016,7,analog_trilling,NoQuantity,NoUoM,NoPrefix,Read
119,NVD CPU.PLC-MMI.W30JLA316JM016,8,analog_trillinggrens,NoQuantity,NoUoM,NoPrefix,Read
119,NVD CPU.PLC-MMI.W30JLA316JM016,9,analog_trillingnom,NoQuantity,NoUoM,NoPrefix,Read
119,NVD CPU.PLC-MMI.W30JLA316JM016,10,analog_uitdraaitijd,NoQuantity,NoUoM,NoPrefix,Read
119,NVD CPU.PLC-MMI.W30JLA316JM016,11,analog_urenin,NoQuantity,NoUoM,NoPrefix,Read
119,NVD CPU.PLC-MMI.W30JLA316JM016,12,bedien_auto,NoQuantity,NoUoM,NoPrefix,Read
119,NVD CPU.PLC-MMI.W30JLA316JM016,13,bedien_blokkeer,NoQuantity,NoUoM,NoPrefix,Read
119,NVD CPU.PLC-MMI.W30JLA316JM016,14,bedien_hand,NoQuantity,NoUoM,NoPrefix,Read
119,NVD CPU.PLC-MMI.W30JLA316JM016,15,bedien_hinder,NoQuantity,NoUoM,NoPrefix,Read
119,NVD CPU.PLC-MMI.W30JLA316JM016,16,bedien_links,NoQuantity,NoUoM,NoPrefix,Read
119,NVD CPU.PLC-MMI.W30JLA316JM016,17,bedien_rechts,NoQuantity,NoUoM,NoPrefix,Read
119,NVD CPU.PLC-MMI.W30JLA316JM016,18,bedien_reset,NoQuantity,NoUoM,NoPrefix,Read
119,NVD CPU.PLC-MMI.W30JLA316JM016,19,bedien_uit,NoQuantity,NoUoM,NoPrefix,Read
119,NVD CPU.PLC-MMI.W30JLA316JM016,20,param_motorstroom,NoQuantity,NoUoM,NoPrefix,Read
119,NVD CPU.PLC-MMI.W30JLA316JM016,21,param_stroomnom,NoQuantity,NoUoM,NoPrefix,Read
119,NVD CPU.PLC-MMI.W30JLA316JM016,22,param_terugmfout,NoQuantity,NoUoM,NoPrefix,Read
119,NVD CPU.PLC-MMI.W30JLA316JM016,23,param_testtijd,NoQuantity,NoUoM,NoPrefix,Read
119,NVD CPU.PLC-MMI.W30JLA316JM016,24,param_totaalin,NoQuantity,NoUoM,NoPrefix,Read
119,NVD CPU.PLC-MMI.W30JLA316JM016,25,param_trillingen,NoQuantity,NoUoM,NoPrefix,Read
119,NVD CPU.PLC-MMI.W30JLA316JM016,26,param_trillingnom,NoQuantity,NoUoM,NoPrefix,Read
119,NVD CPU.PLC-MMI.W30JLA316JM016,27,param_uitdraaitijd,NoQuantity,NoUoM,NoPrefix,Read
119,NVD CPU.PLC-MMI.W30JLA316JM016,28,param_urenin,NoQuantity,NoUoM,NoPrefix,Read
119,NVD CPU.PLC-MMI.W30JLA316JM016,29,stat_autobedrijf,NoQuantity,NoUoM,NoPrefix,Read
119,NVD CPU.PLC-MMI.W30JLA316JM016,30,stat_bbeschikbaar,NoQuantity,NoUoM,NoPrefix,Read
119,NVD CPU.PLC-MMI.W30JLA316JM016,31,stat_beschikbaar,NoQuantity,NoUoM,NoPrefix,Read
119,NVD CPU.PLC-MMI.W30JLA316JM016,32,stat_geblokkeerd,NoQuantity,NoUoM,NoPrefix,Read
119,NVD CPU.PLC-MMI.W30JLA316JM016,33,stat_handbedrijf,NoQuantity,NoUoM,NoPrefix,Read
119,NVD CPU.PLC-MMI.W30JLA316JM016,34,stat_hinder,NoQuantity,NoUoM,NoPrefix,Read
119,NVD CPU.PLC-MMI.W30JLA316JM016,35,stat_inlinks,NoQuantity,NoUoM,NoPrefix,Read
119,NVD CPU.PLC-MMI.W30JLA316JM016,36,stat_inrechts,NoQuantity,NoUoM,NoPrefix,Read
119,NVD CPU.PLC-MMI.W30JLA316JM016,37,stat_lokaalbedrijf,NoQuantity,NoUoM,NoPrefix,Read
119,NVD CPU.PLC-MMI.W30JLA316JM016,38,stat_motorstrmonder,NoQuantity,NoUoM,NoPrefix,Read
119,NVD CPU.PLC-MMI.W30JLA316JM016,39,stat_motorstrmover,NoQuantity,NoUoM,NoPrefix,Read
119,NVD CPU.PLC-MMI.W30JLA316JM016,40,stat_nbeschikbaar,NoQuantity,NoUoM,NoPrefix,Read
119,NVD CPU.PLC-MMI.W30JLA316JM016,41,stat_resetuitgev,NoQuantity,NoUoM,NoPrefix,Read
119,NVD CPU.PLC-MMI.W30JLA316JM016,42,stat_terugmldfout,NoQuantity,NoUoM,NoPrefix,Read
119,NVD CPU.PLC-MMI.W30JLA316JM016,43,stat_testactief,NoQuantity,NoUoM,NoPrefix,Read
119,NVD CPU.PLC-MMI.W30JLA316JM016,44,stat_testafgebr,NoQuantity,NoUoM,NoPrefix,Read
119,NVD CPU.PLC-MMI.W30JLA316JM016,45,stat_testgeslaagd,NoQuantity,NoUoM,NoPrefix,Read
119,NVD CPU.PLC-MMI.W30JLA316JM016,46,stat_testngeslaagd,NoQuantity,NoUoM,NoPrefix,Read
119,NVD CPU.PLC-MMI.W30JLA316JM016,47,stat_thermoverb,NoQuantity,NoUoM,NoPrefix,Read
119,NVD CPU.PLC-MMI.W30JLA316JM016,48,stat_trillingover,NoQuantity,NoUoM,NoPrefix,Read
119,NVD CPU.PLC-MMI.W30JLA316JM016,49,stat_uit,NoQuantity,NoUoM,NoPrefix,Read
119,NVD CPU.PLC-MMI.W30JLA316JM016,50,stat_uitdraaitact,NoQuantity,NoUoM,NoPrefix,Read
119,NVD CPU.PLC-MMI.W30JLA316JM016,51,stat_verzstoring,NoQuantity,NoUoM,NoPrefix,Read
119,NVD CPU.PLC-MMI.W30JLA316JM016,52,stat_werksch,NoQuantity,NoUoM,NoPrefix,Read
120,NVD CPU.PLC-MMI.W30JLA317JM017,1,analog_motorsgrens,NoQuantity,NoUoM,NoPrefix,Read
120,NVD CPU.PLC-MMI.W30JLA317JM017,2,analog_motorstr,NoQuantity,NoUoM,NoPrefix,Read
120,NVD CPU.PLC-MMI.W30JLA317JM017,3,analog_stroomnom,NoQuantity,NoUoM,NoPrefix,Read
120,NVD CPU.PLC-MMI.W30JLA317JM017,4,analog_terugmfout,NoQuantity,NoUoM,NoPrefix,Read
120,NVD CPU.PLC-MMI.W30JLA317JM017,5,analog_testtijd,NoQuantity,NoUoM,NoPrefix,Read
120,NVD CPU.PLC-MMI.W30JLA317JM017,6,analog_totaalin,NoQuantity,NoUoM,NoPrefix,Read
120,NVD CPU.PLC-MMI.W30JLA317JM017,7,analog_trilling,NoQuantity,NoUoM,NoPrefix,Read
120,NVD CPU.PLC-MMI.W30JLA317JM017,8,analog_trillinggrens,NoQuantity,NoUoM,NoPrefix,Read
120,NVD CPU.PLC-MMI.W30JLA317JM017,9,analog_trillingnom,NoQuantity,NoUoM,NoPrefix,Read
120,NVD CPU.PLC-MMI.W30JLA317JM017,10,analog_uitdraaitijd,NoQuantity,NoUoM,NoPrefix,Read
120,NVD CPU.PLC-MMI.W30JLA317JM017,11,analog_urenin,NoQuantity,NoUoM,NoPrefix,Read
120,NVD CPU.PLC-MMI.W30JLA317JM017,12,bedien_auto,NoQuantity,NoUoM,NoPrefix,Read
120,NVD CPU.PLC-MMI.W30JLA317JM017,13,bedien_blokkeer,NoQuantity,NoUoM,NoPrefix,Read
120,NVD CPU.PLC-MMI.W30JLA317JM017,14,bedien_hand,NoQuantity,NoUoM,NoPrefix,Read
120,NVD CPU.PLC-MMI.W30JLA317JM017,15,bedien_hinder,NoQuantity,NoUoM,NoPrefix,Read
120,NVD CPU.PLC-MMI.W30JLA317JM017,16,bedien_links,NoQuantity,NoUoM,NoPrefix,Read
120,NVD CPU.PLC-MMI.W30JLA317JM017,17,bedien_rechts,NoQuantity,NoUoM,NoPrefix,Read
120,NVD CPU.PLC-MMI.W30JLA317JM017,18,bedien_reset,NoQuantity,NoUoM,NoPrefix,Read
120,NVD CPU.PLC-MMI.W30JLA317JM017,19,bedien_uit,NoQuantity,NoUoM,NoPrefix,Read
120,NVD CPU.PLC-MMI.W30JLA317JM017,20,param_motorstroom,NoQuantity,NoUoM,NoPrefix,Read
120,NVD CPU.PLC-MMI.W30JLA317JM017,21,param_stroomnom,NoQuantity,NoUoM,NoPrefix,Read
120,NVD CPU.PLC-MMI.W30JLA317JM017,22,param_terugmfout,NoQuantity,NoUoM,NoPrefix,Read
120,NVD CPU.PLC-MMI.W30JLA317JM017,23,param_testtijd,NoQuantity,NoUoM,NoPrefix,Read
120,NVD CPU.PLC-MMI.W30JLA317JM017,24,param_totaalin,NoQuantity,NoUoM,NoPrefix,Read
120,NVD CPU.PLC-MMI.W30JLA317JM017,25,param_trillingen,NoQuantity,NoUoM,NoPrefix,Read
120,NVD CPU.PLC-MMI.W30JLA317JM017,26,param_trillingnom,NoQuantity,NoUoM,NoPrefix,Read
120,NVD CPU.PLC-MMI.W30JLA317JM017,27,param_uitdraaitijd,NoQuantity,NoUoM,NoPrefix,Read
120,NVD CPU.PLC-MMI.W30JLA317JM017,28,param_urenin,NoQuantity,NoUoM,NoPrefix,Read
120,NVD CPU.PLC-MMI.W30JLA317JM017,29,stat_autobedrijf,NoQuantity,NoUoM,NoPrefix,Read
120,NVD CPU.PLC-MMI.W30JLA317JM017,30,stat_bbeschikbaar,NoQuantity,NoUoM,NoPrefix,Read
120,NVD CPU.PLC-MMI.W30JLA317JM017,31,stat_beschikbaar,NoQuantity,NoUoM,NoPrefix,Read
120,NVD CPU.PLC-MMI.W30JLA317JM017,32,stat_geblokkeerd,NoQuantity,NoUoM,NoPrefix,Read
120,NVD CPU.PLC-MMI.W30JLA317JM017,33,stat_handbedrijf,NoQuantity,NoUoM,NoPrefix,Read
120,NVD CPU.PLC-MMI.W30JLA317JM017,34,stat_hinder,NoQuantity,NoUoM,NoPrefix,Read
120,NVD CPU.PLC-MMI.W30JLA317JM017,35,stat_inlinks,NoQuantity,NoUoM,NoPrefix,Read
120,NVD CPU.PLC-MMI.W30JLA317JM017,36,stat_inrechts,NoQuantity,NoUoM,NoPrefix,Read
120,NVD CPU.PLC-MMI.W30JLA317JM017,37,stat_lokaalbedrijf,NoQuantity,NoUoM,NoPrefix,Read
120,NVD CPU.PLC-MMI.W30JLA317JM017,38,stat_motorstrmonder,NoQuantity,NoUoM,NoPrefix,Read
120,NVD CPU.PLC-MMI.W30JLA317JM017,39,stat_motorstrmover,NoQuantity,NoUoM,NoPrefix,Read
120,NVD CPU.PLC-MMI.W30JLA317JM017,40,stat_nbeschikbaar,NoQuantity,NoUoM,NoPrefix,Read
120,NVD CPU.PLC-MMI.W30JLA317JM017,41,stat_resetuitgev,NoQuantity,NoUoM,NoPrefix,Read
120,NVD CPU.PLC-MMI.W30JLA317JM017,42,stat_terugmldfout,NoQuantity,NoUoM,NoPrefix,Read
120,NVD CPU.PLC-MMI.W30JLA317JM017,43,stat_testactief,NoQuantity,NoUoM,NoPrefix,Read
120,NVD CPU.PLC-MMI.W30JLA317JM017,44,stat_testafgebr,NoQuantity,NoUoM,NoPrefix,Read
120,NVD CPU.PLC-MMI.W30JLA317JM017,45,stat_testgeslaagd,NoQuantity,NoUoM,NoPrefix,Read
120,NVD CPU.PLC-MMI.W30JLA317JM017,46,stat_testngeslaagd,NoQuantity,NoUoM,NoPrefix,Read
120,NVD CPU.PLC-MMI.W30JLA317JM017,47,stat_thermoverb,NoQuantity,NoUoM,NoPrefix,Read
120,NVD CPU.PLC-MMI.W30JLA317JM017,48,stat_trillingover,NoQuantity,NoUoM,NoPrefix,Read
120,NVD CPU.PLC-MMI.W30JLA317JM017,49,stat_uit,NoQuantity,NoUoM,NoPrefix,Read
120,NVD CPU.PLC-MMI.W30JLA317JM017,50,stat_uitdraaitact,NoQuantity,NoUoM,NoPrefix,Read
120,NVD CPU.PLC-MMI.W30JLA317JM017,51,stat_verzstoring,NoQuantity,NoUoM,NoPrefix,Read
120,NVD CPU.PLC-MMI.W30JLA317JM017,52,stat_werksch,NoQuantity,NoUoM,NoPrefix,Read
121,NVD CPU.PLC-MMI.W30JLA318JM018,1,analog_motorsgrens,NoQuantity,NoUoM,NoPrefix,Read
121,NVD CPU.PLC-MMI.W30JLA318JM018,2,analog_motorstr,NoQuantity,NoUoM,NoPrefix,Read
121,NVD CPU.PLC-MMI.W30JLA318JM018,3,analog_stroomnom,NoQuantity,NoUoM,NoPrefix,Read
121,NVD CPU.PLC-MMI.W30JLA318JM018,4,analog_terugmfout,NoQuantity,NoUoM,NoPrefix,Read
121,NVD CPU.PLC-MMI.W30JLA318JM018,5,analog_testtijd,NoQuantity,NoUoM,NoPrefix,Read
121,NVD CPU.PLC-MMI.W30JLA318JM018,6,analog_totaalin,NoQuantity,NoUoM,NoPrefix,Read
121,NVD CPU.PLC-MMI.W30JLA318JM018,7,analog_trilling,NoQuantity,NoUoM,NoPrefix,Read
121,NVD CPU.PLC-MMI.W30JLA318JM018,8,analog_trillinggrens,NoQuantity,NoUoM,NoPrefix,Read
121,NVD CPU.PLC-MMI.W30JLA318JM018,9,analog_trillingnom,NoQuantity,NoUoM,NoPrefix,Read
121,NVD CPU.PLC-MMI.W30JLA318JM018,10,analog_uitdraaitijd,NoQuantity,NoUoM,NoPrefix,Read
121,NVD CPU.PLC-MMI.W30JLA318JM018,11,analog_urenin,NoQuantity,NoUoM,NoPrefix,Read
121,NVD CPU.PLC-MMI.W30JLA318JM018,12,bedien_auto,NoQuantity,NoUoM,NoPrefix,Read
121,NVD CPU.PLC-MMI.W30JLA318JM018,13,bedien_blokkeer,NoQuantity,NoUoM,NoPrefix,Read
121,NVD CPU.PLC-MMI.W30JLA318JM018,14,bedien_hand,NoQuantity,NoUoM,NoPrefix,Read
121,NVD CPU.PLC-MMI.W30JLA318JM018,15,bedien_hinder,NoQuantity,NoUoM,NoPrefix,Read
121,NVD CPU.PLC-MMI.W30JLA318JM018,16,bedien_links,NoQuantity,NoUoM,NoPrefix,Read
121,NVD CPU.PLC-MMI.W30JLA318JM018,17,bedien_rechts,NoQuantity,NoUoM,NoPrefix,Read
121,NVD CPU.PLC-MMI.W30JLA318JM018,18,bedien_reset,NoQuantity,NoUoM,NoPrefix,Read
121,NVD CPU.PLC-MMI.W30JLA318JM018,19,bedien_uit,NoQuantity,NoUoM,NoPrefix,Read
121,NVD CPU.PLC-MMI.W30JLA318JM018,20,param_motorstroom,NoQuantity,NoUoM,NoPrefix,Read
121,NVD CPU.PLC-MMI.W30JLA318JM018,21,param_stroomnom,NoQuantity,NoUoM,NoPrefix,Read
121,NVD CPU.PLC-MMI.W30JLA318JM018,22,param_terugmfout,NoQuantity,NoUoM,NoPrefix,Read
121,NVD CPU.PLC-MMI.W30JLA318JM018,23,param_testtijd,NoQuantity,NoUoM,NoPrefix,Read
121,NVD CPU.PLC-MMI.W30JLA318JM018,24,param_totaalin,NoQuantity,NoUoM,NoPrefix,Read
121,NVD CPU.PLC-MMI.W30JLA318JM018,25,param_trillingen,NoQuantity,NoUoM,NoPrefix,Read
121,NVD CPU.PLC-MMI.W30JLA318JM018,26,param_trillingnom,NoQuantity,NoUoM,NoPrefix,Read
121,NVD CPU.PLC-MMI.W30JLA318JM018,27,param_uitdraaitijd,NoQuantity,NoUoM,NoPrefix,Read
121,NVD CPU.PLC-MMI.W30JLA318JM018,28,param_urenin,NoQuantity,NoUoM,NoPrefix,Read
121,NVD CPU.PLC-MMI.W30JLA318JM018,29,stat_autobedrijf,NoQuantity,NoUoM,NoPrefix,Read
121,NVD CPU.PLC-MMI.W30JLA318JM018,30,stat_bbeschikbaar,NoQuantity,NoUoM,NoPrefix,Read
121,NVD CPU.PLC-MMI.W30JLA318JM018,31,stat_beschikbaar,NoQuantity,NoUoM,NoPrefix,Read
121,NVD CPU.PLC-MMI.W30JLA318JM018,32,stat_geblokkeerd,NoQuantity,NoUoM,NoPrefix,Read
121,NVD CPU.PLC-MMI.W30JLA318JM018,33,stat_handbedrijf,NoQuantity,NoUoM,NoPrefix,Read
121,NVD CPU.PLC-MMI.W30JLA318JM018,34,stat_hinder,NoQuantity,NoUoM,NoPrefix,Read
121,NVD CPU.PLC-MMI.W30JLA318JM018,35,stat_inlinks,NoQuantity,NoUoM,NoPrefix,Read
121,NVD CPU.PLC-MMI.W30JLA318JM018,36,stat_inrechts,NoQuantity,NoUoM,NoPrefix,Read
121,NVD CPU.PLC-MMI.W30JLA318JM018,37,stat_lokaalbedrijf,NoQuantity,NoUoM,NoPrefix,Read
121,NVD CPU.PLC-MMI.W30JLA318JM018,38,stat_motorstrmonder,NoQuantity,NoUoM,NoPrefix,Read
121,NVD CPU.PLC-MMI.W30JLA318JM018,39,stat_motorstrmover,NoQuantity,NoUoM,NoPrefix,Read
121,NVD CPU.PLC-MMI.W30JLA318JM018,40,stat_nbeschikbaar,NoQuantity,NoUoM,NoPrefix,Read
121,NVD CPU.PLC-MMI.W30JLA318JM018,41,stat_resetuitgev,NoQuantity,NoUoM,NoPrefix,Read
121,NVD CPU.PLC-MMI.W30JLA318JM018,42,stat_terugmldfout,NoQuantity,NoUoM,NoPrefix,Read
121,NVD CPU.PLC-MMI.W30JLA318JM018,43,stat_testactief,NoQuantity,NoUoM,NoPrefix,Read
121,NVD CPU.PLC-MMI.W30JLA318JM018,44,stat_testafgebr,NoQuantity,NoUoM,NoPrefix,Read
121,NVD CPU.PLC-MMI.W30JLA318JM018,45,stat_testgeslaagd,NoQuantity,NoUoM,NoPrefix,Read
121,NVD CPU.PLC-MMI.W30JLA318JM018,46,stat_testngeslaagd,NoQuantity,NoUoM,NoPrefix,Read
121,NVD CPU.PLC-MMI.W30JLA318JM018,47,stat_thermoverb,NoQuantity,NoUoM,NoPrefix,Read
121,NVD CPU.PLC-MMI.W30JLA318JM018,48,stat_trillingover,NoQuantity,NoUoM,NoPrefix,Read
121,NVD CPU.PLC-MMI.W30JLA318JM018,49,stat_uit,NoQuantity,NoUoM,NoPrefix,Read
121,NVD CPU.PLC-MMI.W30JLA318JM018,50,stat_uitdraaitact,NoQuantity,NoUoM,NoPrefix,Read
121,NVD CPU.PLC-MMI.W30JLA318JM018,51,stat_verzstoring,NoQuantity,NoUoM,NoPrefix,Read
121,NVD CPU.PLC-MMI.W30JLA318JM018,52,stat_werksch,NoQuantity,NoUoM,NoPrefix,Read
